ExperienceLevel,Title,Normalized_Skill
Entry-Level,AI Engineer - Fresher,"['c++', 'r', 'pytorch', 'keras', 'nltk', 'java', 'clustering', 'python', 'pandas', 'supervised/unsupervised learning', 'regression', 'numpy', 'tensorflow', 'neural networks', 'opencv', 'classification', 'sql', 'mongodb', 'nosql', 'scikit-learn']"
Entry-Level,BI Analyst - Fresher,"['excel visualization', 'basic data analysis', 'mysql/postgresql', 'sql querying', 'mysql basics', 'postgresql basics', 'etl process knowledge', 'kpi knowledge', 'excel charts', 'business process knowledge', 'etl understanding', 'business metrics awareness', 'data analysis', 'kpi understanding', 'basic statistics', 'mysql', 'statistics', 'excel charts and dashboards', 'postgresql', 'etl awareness', 'tableau', 'etl knowledge', 'sql', 'basic statistical analysis', 'excel charts and pivot tables', 'etl process awareness', 'excel dashboards', 'business acumen', 'power bi', 'excel', 'etl process understanding']"
Entry-Level,Cloud Engineer - Fresher,"['shell scripting', 'git', 'jenkins', 'iam basics', 'azure basics', 'gcp basics', 'terraform/cloudformation knowledge', 'cloudwatch', 'docker/kubernetes', 'azure', 'gcp', 'monitoring: cloudwatch, prometheus', 'vpn', 'python/bash scripting', 'git/github/gitlab', 'aws', 'python', 'terraform/cloudformation awareness', 'monitoring: cloudwatch, azure monitor', 'docker basics', 'git/github', 'kubernetes basics', 'bash', 'cloudformation basics', 'aws codepipeline', 'monitoring: cloudwatch, prometheus, azure monitor', 'github actions', 'terraform/cloudformation basics', 'monitoring fundamentals', 'aws basics', 'prometheus', 'vpc', 'docker/kubernetes fundamentals', 'jenkins/github actions', 'terraform basics']"
Entry-Level,Data Analyst - Fresher,"['r', 'excel charts', 'matplotlib', 'python', 'spark basics', 'basic statistics', 'mysql', 'pandas', 'regression', 'postgresql', 'tableau', 'sql', 'excel functions', 'hypothesis testing', 'power bi', 'sas', 'hadoop', 'excel', 'hadoop basics', 'seaborn']"
Entry-Level,Frontend Developer - Entry Level,"['vue.js', 'git', 'html5', 'html', 'browser developer tools', 'javascript (es6+)', 'angular basics', 'vue.js basics', 'react basics', 'javascript', 'tailwind css', 'bootstrap', 'css3', 'css', 'react']"
Entry-Level,QA Engineer - Fresher,"['basic automation: selenium, appium, cucumber', 'java', 'soapui', 'soapui basics', 'python', 'postman basics', 'automation awareness: selenium, appium, cucumber', 'test documentation', 'basic automation: selenium webdriver, appium, cucumber', 'appium basics', 'cucumber awareness', 'manual testing', 'testrail', 'automation: selenium, appium, cucumber basic knowledge', 'selenium basics', 'javascript basics', 'automation tools awareness: selenium, appium, cucumber', 'manual testing: functional, regression, black-box', 'bugzilla', 'jira', 'javascript', 'postman']"
Entry-Level,Test Automation Engineer - Fresher,"['python basics', 'functional testing', 'testng basics', 'java', 'regression testing', 'appium', 'testng', 'selenium webdriver', 'python', 'postman basics', 'cypress', 'test documentation', 'test case writing', 'manual testing concepts', 'black-box testing', 'cypress basics', 'appium basics', 'selenium basics', 'javascript basics', 'java basics', 'bugzilla', 'selenium', 'jira']"
Experienced,.NET Developer,"['design patterns', 'kubernetes', 'csharp', 'ci/cd', 'entity framework', 'solid principles', 'azure devops', 'azure', 'rest apis', 'asp.net core', 'moq', 'docker', 'f#', 'angular', 'grpc', 'aspnet', 'testing with xunit', 'dotnet', 'sql server', 'dapper', 'blazor', 'webapi', 'testing with nunit', 'microservices', 'nosql', 'signalr']"
Experienced,AI Prompt Engineer,"['leadership', 'iterative prompt optimization', 'communication', 'pytorch', 'api integration (openai/azure)', 'python advanced', 'chain-of-thought prompts', 'machine learning for prompt tuning', 'deep nlp expertise', 'machine learning analysis', 'data visualization', 'python', 'hugging face', 'chain-of-thought prompting', 'data analysis', 'prompt optimization techniques', 'openai api', 'iterative prompt design', 'prompt chain-of-thought', 'tensorflow', 'advanced python', 'advanced prompt design (chain-of-thought, iterative optimization)', 'collaboration', 'critical thinking', 'hugging face transformers', 'nlp frameworks', 'javascript advanced', 'llm tuning', 'creativity', 'data analytics', 'javascript', 'advanced nlp', 'nlp techniques', 'prompt iterative optimization', 'prompt design optimization', 'problem-solving', 'azure cognitive services']"
Experienced,AR/VR Developer,"['leadership', 'c++, c# expert', 'vuforia', 'python basics', 'gesture/motion tracking', 'arkit advanced', 'arcore advanced', 'project management', 'cross-platform optimization', 'project coordination', 'performance optimization', 'ui/ux design expert', 'advanced 3d modeling/animation', 'advanced 3d modeling and animation', 'cross-platform deployment', 'performance tuning', 'ui/ux design advanced', '3d modeling/animation advanced', 'arkit, arcore, vuforia', '3d modeling/animation expert', '3d modeling and graphics', 'c++ advanced', 'c++, c# advanced', 'unreal engine advanced', 'cross-platform development', 'ui/ux expert', 'collaboration', 'team management', '3d modeling and animation expert', 'spatial computing', 'advanced 3d graphics', 'gesture and motion tracking', 'javascript advanced', 'unity, unreal engine expert', 'ui/ux advanced', 'team collaboration', 'c# advanced', 'unity, unreal engine advanced', 'machine learning basics', 'hardware integration', 'unity advanced']"
Experienced,Android Architect,"['unit testing', 'kotlin', 'performance optimization', 'dagger', 'room', 'jetpack', 'ci/cd', 'clean architecture', 'firebase', 'java', 'android studio', 'mvvm']"
Experienced,Android Developer,"['unit testing', 'git', 'kotlin', 'room', 'jetpack', 'rest apis', 'firebase', 'java', 'android studio', 'mvvm']"
Experienced,Android Solutions Architect,"['unit testing', 'kotlin', 'performance optimization', 'dagger', 'room', 'jetpack', 'ci/cd', 'clean architecture', 'firebase', 'java', 'android studio', 'mvvm']"
Experienced,Android Solutions Engineer,"['unit testing', 'kotlin', 'room', 'jetpack', 'rest apis', 'clean architecture', 'ci/cd', 'firebase', 'java', 'android studio', 'mvvm']"
Experienced,Android Tech Lead,"['unit testing', 'kotlin', 'dagger', 'room', 'jetpack', 'ci/cd', 'clean architecture', 'firebase', 'java', 'android studio', 'mvvm']"
Experienced,Backend Developer - Experienced,"['git', 'kubernetes', 'ci/cd', 'django', 'redis', 'azure', 'gcp', 'java', 'hipaa compliance', 'flask', 'aws', 'docker', 'python', 'graphql', 'grpc', 'cloud platforms', 'express.js', 'security', 'mysql', 'agile', 'postgresql', 'mongodb', 'spring boot', 'microservices', 'restful api', 'cloud', 'node.js', 'go']"
Experienced,Big Data Specialist,"['leadership', 'qlikview', 'azure', 'python advanced', 'gcp', 'java', 'aws big data services', 'mllib basics', 'tensorflow basics', 'scala', 'python', 'aws', 'snowflake', 'java advanced', 'kafka', 'tableau', 'collaboration', 'data governance', 'hadoop ecosystem', 'mllib', 'spark streaming', 'azure big data services', 'redshift', 'power bi', 'scala advanced', 'flink', 'gcp big data services', 'hadoop', 'bigquery', 'team leadership']"
Experienced,Blockchain Developer,"['rust basics', 'truffle advanced', 'leadership', 'hyperledger', 'cross-chain solutions', 'ethereum', 'cryptography expert', 'python advanced', 'mentoring', 'stakeholder collaboration', 'project management', 'smart contract security audits', 'gas optimization', 'cross-chain', 'innovation management', 'java advanced', 'ethereum multi-chain', 'mentorship', 'smart contract optimization', 'scalable dapps', 'team management', 'solidity advanced', 'collaboration', 'remix ide advanced', 'cryptography advanced', 'hyperledger advanced', 'smart contract optimization and security audits', 'git advanced', 'innovation', 'hyperledger fabric', 'team collaboration', 'innovation strategies', 'corda', 'cross-chain development', 'cross-chain interoperability', 'cryptography', 'problem-solving', 'cloud integration']"
Experienced,Business Analyst,"['ai-enhanced analytics', 'advanced data analysis', 'business intelligence', 'requirement management', 'agile methodology', 'agile project management', 'advanced sql', 'advanced analytics', 'strategic planning', 'data analysis', 'ai-powered analytics', 'business process optimization', 'tableau', 'sql', 'agile leadership', 'requirement gathering', 'ai-driven analytics', 'stakeholder engagement', 'stakeholder management', 'power bi', 'requirement elicitation', 'sas', 'excel']"
Experienced,Cloud Automation Engineer,"['terraform', 'aws', 'kubernetes', 'python', 'ansible', 'cloudformation']"
Experienced,Cloud Cost Optimization Architect,"['terraform', 'aws', 'python', 'cloud cost management', 'azure']"
Experienced,Cloud DevSecOps Architect,"['terraform', 'aws', 'security integration', 'python', 'ci/cd pipelines', 'ansible', 'azure']"
Experienced,Cloud Engineer,"['terraform', 'aws', 'kubernetes', 'ci/cd pipelines', 'python scripting', 'cloud security compliance', 'azure']"
Experienced,Cloud Infrastructure Architect,"['terraform', 'hybrid cloud', 'aws', 'python', 'sdn', 'cloud networking', 'azure']"
Experienced,Cloud Infrastructure Security Architect,"['terraform', 'cloud security', 'compliance', 'aws', 'kubernetes', 'encryption', 'azure', 'iam']"
Experienced,Cloud Migration Specialist,"['terraform', 'aws', 'python', 'database migration', 'azure', 'gcp', 'cloud migration']"
Experienced,Cloud Network Engineer,"['vpc', 'automation with ansible', 'aws networking', 'load balancers', 'azure networking']"
Experienced,Cloud Platform Architect,"['terraform', 'aws', 'kubernetes', 'python', 'ci/cd', 'azure', 'docker swarm']"
Experienced,Cloud Security Analyst,"['gcp security', 'firewall management', 'siem tools', 'azure security', 'incident response', 'aws security']"
Experienced,Cloud Security Architect,"['cloud security', 'compliance frameworks', 'aws', 'encryption', 'python scripting', 'azure', 'iam']"
Experienced,Content Writer,"['ai-assisted content optimization', 'analytics and kpi tracking', 'collaboration with cross-functional teams', 'collaboration with teams', 'digital marketing tools (ga, semrush, hubspot)', 'kpi tracking', 'brand voice consistency', 'collaboration and mentoring', 'fact-checking and research', 'ai-assisted content creation', 'digital marketing tools (google analytics, semrush)', 'content strategy development', 'project management', 'advanced seo skills', 'project management for content initiatives', 'editing and fact-checking', 'editing and proofreading', 'cms and ai writing tools', 'digital marketing tools (google analytics, semrush, hubspot)', 'seo and keyword research', 'advanced writing and editing', 'advanced seo', 'digital marketing tools proficiency', 'cross-functional collaboration', 'performance tracking', 'collaboration and team management', 'content strategy leadership', 'multi-format content creation', 'ai-assisted writing', 'content calendar management', 'advanced seo techniques', 'seo and keyword optimization', 'analytics and performance measurement', 'digital marketing tools', 'multi-format content creation (blogs, whitepapers, social media, scripts)', 'comprehensive content strategy', 'seo optimization and backlinking', 'digital marketing tools (ga4, semrush, hubspot)', 'content strategy', 'content marketing', 'collaboration with marketing and design teams', 'performance tracking and kpi analysis', 'advanced seo and keyword optimization', 'advanced seo and analytics', 'advanced content strategy']"
Experienced,Copywriter,"['time management', 'ai-assisted content optimization', 'leadership', 'kpi analysis', 'analytics and kpi tracking', 'brand voice consistency', 'ai-assisted content creation', 'collaboration and leadership', 'seo and analytics expertise', 'advanced copywriting', 'digital marketing strategy', 'ai-assisted content tools', 'digital marketing channels and tools', 'project management', 'brand messaging', 'strategic content planning', 'editing and proofreading', 'digital marketing integration', 'advanced seo', 'leadership and mentoring', 'seo optimization', 'ai content tools', 'performance tracking', 'advanced copywriting and editing', 'multi-format content creation', 'performance measurement', 'multi-format copywriting', 'brand messaging and consistency', 'ai-assisted writing', 'seo optimization and analytics', 'project and performance management', 'digital marketing tools', 'strategic copywriting', 'brand voice alignment', 'brand consistency', 'content strategy', 'ai-assisted writing tools', 'team leadership and collaboration', 'team leadership', 'advanced seo and analytics']"
Experienced,Cyber Defense Analyst,"['threat hunting', 'malware analysis', 'firewall management', 'soc operations', 'siem tools', 'compliance auditing']"
Experienced,Cybersecurity Analyst,"['threat hunting', 'qradar', 'splunk', 'bash', 'python', 'cloud security (aws/azure)', 'risk management', 'incident response']"
Experienced,Cybersecurity Risk Analyst,"['splunk', 'python', 'risk management', 'powershell', 'compliance auditing']"
Experienced,Data Engineer,"['spark', 'databricks', 'data partitioning', 'apache spark', 'data modeling', 'java', 'aws glue', 'airflow', 'scala', 'python', 'aws s3', 'snowflake', 'gcp bigquery', 'apache kafka', 'sql optimization', 'kafka', 'sql', 'data governance', 'mongodb', 'redshift', 'aws redshift', 'flink', 'aws emr', 'hadoop', 'azure synapse', 'bigquery', 'azure data lake']"
Experienced,DevOps Cloud Architect,"['terraform', 'aws', 'kubernetes', 'docker', 'python', 'ci/cd pipelines', 'azure devops']"
Experienced,DevOps Engineer - Experienced,"['terraform', 'gitlab ci', 'kubernetes', 'jenkins', 'chef', 'circleci', 'azure', 'gcp', 'devsecops', 'linux/unix', 'aws', 'helm', 'docker swarm', 'puppet', 'grafana', 'elk stack', 'microservices', 'ansible', 'prometheus', 'api automation']"
Experienced,Digital Marketing Specialist,"['advanced digital marketing campaigns', 'ux design integration', 'advanced analytics (google analytics, tableau, mixpanel)', 'brand management', 'advanced digital marketing strategy', 'budget management', 'content and social media campaigns', 'digital strategy development', 'content and social media marketing', 'marketing analytics (ga, tableau, mixpanel)', 'seo, sem, ppc optimization', 'crm and automation tools (hubspot, marketo, salesforce)', 'seo, sem, ppc campaigns', 'email marketing automation', 'ux and ui design integration', 'content marketing strategy', 'brand strategy', 'ai-driven marketing', 'seo and sem optimization', 'brand management and ux integration', 'digital campaign strategy', 'multi-channel campaign coordination', 'content marketing and social media strategy', 'team leadership', 'ai-driven personalization', 'ppc campaigns', 'crm tools (hubspot, salesforce, marketo)', 'multi-channel marketing strategy', 'team leadership and mentorship', 'seo/sem/ppc management', 'emerging marketing technologies', 'brand strategy and ux design', 'seo, sem, ppc', 'marketing analytics (google analytics, tableau, mixpanel)', 'strategic digital marketing planning', 'analytics and reporting (google analytics, tableau, mixpanel)', 'lead generation', 'advanced digital campaigns', 'data-driven decisions', 'brand and ux strategy', 'advanced seo and sem', 'crm and marketing automation tools', 'ai-driven personalization and marketing automation', 'budget optimization', 'lead generation and crm management', 'ai marketing tools', 'brand strategy and ux design integration', 'budget planning and roi optimization', 'content marketing', 'ai-driven marketing and personalization', 'marketing analytics and reporting', 'seo/sem/ppc campaign management', 'emerging marketing technologies (ai-driven personalization)', 'budget management and roi tracking', 'cross-channel campaign management', 'crm tools (hubspot, marketo, salesforce)', 'analytics and reporting', 'ppc campaign optimization', 'marketing analytics (tableau, mixpanel, ga)', 'analytics and reporting (ga, tableau, mixpanel)', 'team management', 'advanced digital marketing strategies', 'ai-powered marketing solutions', 'data-driven campaign optimization', 'ux integration', 'ai-driven marketing solutions', 'budget and roi optimization', 'content creation and social media marketing', 'cross-channel campaign coordination', 'ux/ui integration', 'data-driven decision making', 'multi-channel campaign management', 'data-driven marketing decisions', 'team leadership and mentoring', 'social media campaigns', 'lead generation and nurturing', 'digital marketing strategy', 'ppc campaigns management', 'crm tools (hubspot, salesforce)', 'conversion rate optimization', 'data-driven optimization', 'budget planning', 'marketing automation tools (hubspot, marketo, salesforce)', 'email automation', 'multi-channel campaign integration', 'data-driven marketing', 'email automation and personalization', 'ai-driven marketing strategies', 'budget and roi management', 'seo/sem/ppc optimization', 'brand strategy and ux integration', 'lead generation and crm integration', 'analytics (ga, tableau, mixpanel)', 'ai-powered marketing tools', 'lead generation and crm tools', 'budget management and roi optimization', 'email automation tools (hubspot, marketo)', 'data-driven strategy implementation', 'social media marketing', 'data-driven campaign strategies']"
Experienced,Enterprise Cloud Architect,"['terraform', 'cloud strategy', 'multi-cloud architecture', 'leadership', 'kubernetes', 'serverless computing']"
Experienced,Enterprise Network Engineer,"['eigrp', 'mpls', 'cisco asa', 'f5 load balancer', 'qos']"
Experienced,Ethical Hacker,"['web security testing', 'leadership', 'network and web security', 'communication', 'linux (kali, parrot) expert', 'penetration testing', 'malware analysis and reverse engineering', 'compliance awareness', 'analytical thinking', 'cryptography and ssl/tls', 'advanced python, c/c++, javascript', 'python, c/c++, javascript advanced', 'expert network and web security', 'network and application security', 'metasploit, burp suite, nmap, sqlmap', 'advanced networking', 'linux expert', 'security frameworks (nist, iso)', 'web application security', 'web app security', 'advanced python, c/c++', 'windows security and ad', 'cryptography, ssl/tls', 'project management', 'expert network security', 'web app security testing', 'vulnerability assessment', 'network penetration testing', 'risk assessment', 'windows security and active directory', 'network and application security expert', 'network security expert', 'compliance and risk assessment', 'metasploit, burp suite, nmap, sqlmap, wireshark', 'metasploit, nmap, burp suite, sqlmap, wireshark', 'penetration testing and vulnerability assessment', 'linux/windows os expert', 'metasploit, nmap, burp suite, sqlmap', 'metasploit, burp suite, nmap, wireshark', 'linux and windows os expert', 'bash, powershell', 'windows security expert', 'compliance (nist, iso)', 'linux and windows expert', 'python, c/c++, javascript', 'linux (kali/parrot) advanced', 'linux and windows security', 'web application and network security', 'linux/windows expert', 'compliance frameworks', 'malware analysis', 'reverse engineering', 'linux and windows security expert', 'network and web security expert', 'analytical skills', 'cryptography', 'advanced network security', 'bash, powershell scripting', 'problem-solving', 'metasploit, burp suite, nmap, wireshark, sqlmap']"
Experienced,Fintech Engineer,"['leadership', 'sql advanced', 'financial data analysis', 'machine learning predictive modeling', 'financial analysis and modeling', 'blockchain and dlt', 'api design and microservices', 'devops in fintech', 'api architecture', 'smart contract development', 'devops automation', 'cloud computing (aws, azure)', 'cybersecurity expertise', 'predictive modeling and automation', 'smart contracts implementation', 'python advanced', 'cybersecurity', 'blockchain & smart contracts', 'stakeholder collaboration', 'financial analysis', 'project management', 'strategic planning', 'blockchain and smart contracts', 'blockchain development', 'aws & azure cloud', 'machine learning and ai analytics', 'innovation management', 'blockchain implementation', 'api design', 'api architecture and microservices', 'financial modeling', 'financial modeling and analysis', 'quantitative modeling', 'devops', 'api & microservices design', 'cross-functional collaboration', 'cloud platforms aws/azure', 'team management', 'collaboration', 'cloud computing aws/azure', 'microservices design', 'api and microservices architecture', 'devops practices', 'ml analytics', 'cloud platforms (aws, azure)', 'smart contracts development', 'machine learning for analytics', 'cross-functional team collaboration', 'financial modeling and forecasting', 'javascript advanced', 'stakeholder management', 'cybersecurity compliance', 'machine learning predictive analytics', 'project leadership', 'innovation', 'smart contracts', 'cybersecurity and compliance', 'innovation strategies', 'microservices architecture', 'team leadership', 'api & microservices architecture']"
Experienced,Full Stack Developer - Experienced,"['git', 'kubernetes', 'html', 'typescript', 'ci/cd', 'django', 'html5', 'react', 'vue.js', 'flask', 'javascript (es6+)', 'docker', 'angular', 'cloud platforms', 'serverless', 'redux', 'restful api design', 'mysql', 'agile', 'postgresql', 'sql', 'restful apis', 'css3', 'mongodb', 'nosql', 'microservices', 'javascript', 'node.js', 'web security', 'css']"
Experienced,Game Developer,"['leadership', 'advanced ai and gameplay systems', 'unreal engine expert', 'gameplay systems and ai', 'physics simulation', 'python advanced', 'performance profiling', 'c# expert', 'multiplayer networking', 'project management', 'ai and gameplay systems', 'performance optimization', 'shader programming', 'cross-platform deployment', 'gameplay systems development', 'ai programming', 'java advanced', 'advanced ai/gameplay systems', 'advanced gameplay and ai systems', 'advanced gameplay and ai', 'c++ advanced', 'ai/gameplay systems', 'physics and collision handling', 'cross-platform development', 'physics and collision systems', 'advanced ai and gameplay', 'physics', 'advanced gameplay systems', 'c++ expert', 'unity expert', 'godot basics', 'testing/debugging', 'debugging and profiling', 'graphics optimization', 'team collaboration', 'c# advanced', 'shader programming hlsl/glsl', 'testing and debugging', 'graphics and performance optimization', 'gameplay systems', 'testing frameworks']"
Experienced,Graphic Designer,"['ar/vr design', 'indesign', '3d design basics', 'advanced photoshop', 'advanced adobe photoshop', 'typography', 'motion graphics', 'illustrator', 'adobe xd', '3d design', 'color theory', 'after effects', 'figma']"
Experienced,Hybrid Cloud Architect,"['terraform', 'aws', 'hybrid cloud design', 'python', 'networking', 'azure']"
Experienced,Information Security Specialist,"['threat intelligence', 'vulnerability management', 'qradar', 'splunk', 'python', 'incident response']"
Experienced,Infrastructure Network Engineer,"['lan/wan design', 'python automation', 'qos', 'nagios', 'cisco prime']"
Experienced,IoT Engineer,"['leadership', 'real-time data analytics', 'network security', 'c advanced', 'ci/cd', 'python advanced', 'cross-team collaboration', 'data pipelines and analytics', 'sensor and actuator integration', 'edge computing', 'project management', 'c, c++ expert', 'sensor integration and actuator management', 'machine learning integration', 'ci/cd automation', 'strategic planning', 'embedded firmware development', 'embedded firmware design', 'iot architecture and design', 'advanced c, c++', 'embedded firmware', 'embedded firmware optimization', 'embedded firmware and hardware interfacing', 'java advanced', 'project strategy', 'c++ advanced', 'project execution', 'cross-functional collaboration', 'team management', 'cloud platforms (aws, azure, gcp)', 'ci/cd pipelines', 'cloud platforms aws/azure/gcp', 'tcp/ip, ipv6', 'network optimization', 'iot architecture design', 'sensor fusion and actuator control', 'real-time analytics', 'gcp iot advanced', 'iot architecture', 'real-time analytics and ml', 'mqtt, coap, lorawan, nb-iot', 'sensor fusion and actuator integration', 'iot system architecture', 'advanced sensor integration', 'iot architecture and deployment', 'team collaboration', 'data analytics', 'real-time analytics and ml integration', 'python, java', 'c, c++ advanced', 'advanced c programming', 'network security and optimization', 'azure iot advanced', 'machine learning', 'aws iot advanced', 'aws, azure, gcp iot']"
Experienced,Java Developer,"['leadership', 'kubernetes', 'jenkins', 'ci/cd', 'advanced sql', 'jvm internals', 'mentoring', 'rest apis', 'junit', 'mockito', 'angular/react', 'hibernate', 'performance optimization', 'docker', 'version control (git/svn)', 'performance tuning', 'database tuning', 'agile', 'kafka', 'advanced java', 'sql', 'system design', 'restful apis', 'soap apis', 'mongodb', 'gradle', 'cassandra', 'spring boot', 'selenium', 'microservices', 'nosql', 'jpa', 'team collaboration', 'debugging', 'concurrency', 'maven']"
Experienced,JavaScript Developer,"['leadership', 'typescript', 'testing frameworks: jest, mocha, cypress', 'ci/cd', 'ci/cd basics', 'cross-team collaboration', 'rest apis', 'react', 'vue.js', 'project management', 'performance optimization', 'docker', 'docker, ci/cd', 'angular', 'graphql', 'webpack, babel, npm, yarn', 'express.js', 'performance tuning', 'rest api, graphql', 'docker basics', 'npm, yarn', 'rest api/graphql', 'jest, cypress, mocha', 'webpack, babel', 'jest, cypress', 'testing frameworks (jest, mocha, cypress)', 'redux, vuex', 'team management', 'rest apis, graphql', 'ci/cd pipelines', 'testing frameworks (jest, cypress, mocha)', 'web performance optimization', 'redux/vuex', 'jest, mocha, cypress', 'javascript advanced', 'advanced javascript', 'team collaboration', 'advanced performance optimization', 'react, angular, vue.js', 'node.js', 'javascript expert', 'rest api development']"
Experienced,Lead Android Engineer,"['kotlin', 'performance optimization', 'dagger', 'room', 'jetpack', 'ci/cd', 'clean architecture', 'firebase', 'java', 'android studio', 'mvvm']"
Experienced,Lead Cloud Solutions Architect,"['terraform', 'stakeholder management', 'serverless architecture', 'python', 'multi-cloud strategy', 'microservices design', 'cloud cost optimization']"
Experienced,Lead Cybersecurity Analyst,"['threat hunting', 'compliance', 'cloud security', 'splunk', 'risk management', 'team leadership']"
Experienced,Lead Network Engineer,"['mpls', 'palo alto firewalls', 'team leadership', 'f5 load balancer', 'cisco nexus']"
Experienced,Lead System Engineer,"['cloud strategy', 'leadership', 'linux', 'windows server', 'enterprise architecture']"
Experienced,Lead UX Designer,"['design thinking', 'invision', 'axure', 'wcag standards', 'information architecture', 'prototyping', 'figma']"
Experienced,Lead iOS Engineer,"['core text', 'coregraphics', 'swift', 'ci/cd', 'jira', 'agile', 'objective-c']"
Experienced,Market Research Analyst,"['predictive modeling', 'advanced data analysis', 'python', 'r', 'tableau', 'power bi', 'business strategy', 'forecasting', 'sql', 'market segmentation', 'sas', 'competitive intelligence', 'advanced analytics', 'advanced statistical analysis']"
Experienced,Marketing Specialist,"['multi-channel campaigns', 'lead generation and multi-channel campaigns', 'brand management', 'budget planning and optimization', 'budget management', 'digital strategy development', 'lead generation campaigns', 'multi-channel campaign planning', 'content and social media marketing', 'digital campaigns management', 'marketing automation', 'email marketing automation', 'campaign coordination', 'email marketing', 'team leadership and collaboration', 'team leadership', 'content creation and strategy', 'strategic marketing planning', 'ai-driven personalization', 'ppc campaigns', 'data analytics and reporting', 'emerging marketing technologies (ai tools, personalization)', 'seo/sem/ppc management', 'emerging marketing technologies', 'budget allocation', 'seo, sem, ppc', 'lead nurturing', 'lead generation', 'analytics (google analytics, tableau)', 'advanced seo/sem', 'social media strategy', 'content marketing and creation', 'marketing strategy and planning', 'budget optimization', 'team collaboration', 'content marketing', 'analytics (ga, tableau)', 'marketing analytics and reporting', 'data analysis (google analytics, tableau)', 'ai-powered marketing personalization', 'seo/sem and ppc campaigns', 'email marketing and automation', 'analytics and reporting', 'leadership and team management', 'advanced digital marketing', 'marketing strategy', 'email campaigns', 'analytics and roi reporting', 'campaign optimization', 'seo/sem', 'advanced digital marketing strategies', 'social media management', 'analytics and roi optimization', 'marketing analytics', 'data-driven decision making', 'multi-channel campaign management', 'seo/sem/ppc', 'multi-channel marketing campaigns', 'digital marketing strategy', 'seo/sem/ppc campaigns', 'ppc campaigns management', 'advanced marketing strategy', 'content creation and social media strategy', 'seo, sem, ppc expertise', 'digital marketing campaigns', 'seo/sem optimization', 'email automation', 'data-driven analytics', 'ai-driven marketing tools', 'team coordination', 'emerging technologies in marketing', 'budget and roi management', 'seo/sem/ppc optimization', 'campaign management', 'content creation', 'budget and roi analysis', 'ai-powered marketing tools', 'advanced seo/sem/ppc', 'ppc management', 'social media marketing']"
Experienced,Multi-Cloud Architect,"['terraform', 'leadership', 'aws', 'kubernetes', 'microservices architecture', 'azure', 'gcp']"
Experienced,Network Automation Engineer,"['bash', 'python', 'automation', 'ansible', 'cisco ios']"
Experienced,Network Engineer,"['solarwinds', 'mpls', 'ospf', 'bgp', 'qos', 'cisco nexus']"
Experienced,Network Security Engineer,"['firewalls', 'cisco asa', 'ids/ips', 'cryptography', 'vpn']"
Experienced,Operations Manager,"['six sigma', 'resource allocation', 'budgeting', 'kpi tracking', 'strategic planning', 'resource optimization', 'data analysis', 'erp/crm systems', 'kpi monitoring', 'lean management', 'staff development', 'erp/crm tools', 'financial reporting', 'process automation', 'team leadership', 'process improvement', 'process optimization', 'budget management']"
Experienced,Principal Android Developer,"['unit testing', 'kotlin', 'dagger', 'room', 'jetpack', 'ci/cd', 'clean architecture', 'firebase', 'java', 'android studio', 'mvvm']"
Experienced,Principal Android Engineer,"['unit testing', 'kotlin', 'performance optimization', 'dagger', 'room', 'jetpack', 'ci/cd', 'clean architecture', 'firebase', 'java', 'android studio', 'mvvm']"
Experienced,Principal Network Engineer,"['project management', 'architecture design', 'palo alto', 'team leadership', 'cisco nexus']"
Experienced,Principal Security Analyst,"['cloud security', 'leadership', 'compliance', 'advanced threat detection', 'risk management', 'siem tools']"
Experienced,Principal UX Designer,"['invision', 'leadership', 'a/b testing', 'user research', 'interaction design', 'sketch', 'figma']"
Experienced,Principal iOS Developer,"['swift', 'ci/cd', 'core animation', 'app performance optimization', 'objective-c', 'mvvm']"
Experienced,Product Designer,"['leadership', 'a/b testing', 'html', 'adobe illustrator', 'figma', 'design thinking', 'design systems', 'user testing', 'agile', 'prototyping', 'sketch', 'accessibility', 'usability testing', 'marvel', 'agile methods', 'data-driven ux', 'front-end collaboration', 'invision', 'stakeholder management', 'data analytics', 'javascript', 'adobe creative suite', 'adobe xd', 'css']"
Experienced,Product Manager,"['advanced data analysis', 'product vision and strategic planning', 'a/b testing', 'data analysis and experimentation', 'stakeholder communication', 'cross-functional leadership', 'metrics-driven product growth', 'product vision and roadmap development', 'agile methodologies', 'tools: jira, figma, mixpanel, tableau', 'performance optimization', 'product vision', 'strategic planning', 'tools: jira, confluence, tableau, mixpanel', 'user research integration', 'product vision and roadmap planning', 'ux research and integration', 'backlog grooming', 'roadmap development', 'ux research integration', 'roadmap execution', 'resource allocation', 'cross-functional collaboration', 'resource prioritization', 'performance tracking', 'tools: jira, confluence, figma, mixpanel, tableau', 'metrics-driven growth optimization', 'tools: jira, confluence, tableau, figma', 'user experience research', 'agile facilitation', 'agile leadership', 'advanced analytics and a/b testing', 'tools: figma, mixpanel, tableau, ga', 'stakeholder engagement', 'stakeholder management', 'tools: jira, confluence, mixpanel, ga, tableau', 'product vision and strategy', 'user research and ux integration', 'cross-functional team leadership', 'roadmap development and execution', 'data analysis and a/b testing', 'sprint planning', 'data-driven decision making', 'metrics-driven growth']"
Experienced,Project Manager,"['change management', 'data-driven reporting and dashboards', 'team management and conflict resolution', 'use of ms project, primavera, jira, trello', 'stakeholder communication', 'reporting and dashboards', 'reporting and dashboard creation', 'team leadership and mentoring', 'advanced budgeting and resource allocation', 'project scheduling and execution', 'risk assessment and mitigation', 'use of jira, ms project, primavera', 'team leadership and conflict resolution', 'end-to-end project management', 'advanced project scheduling and planning', 'strategic project management', 'advanced scheduling and budgeting', 'strategic planning', 'stakeholder management and negotiation', 'risk management and mitigation', 'use of project management tools (ms project, jira, trello, asana)', 'use of project management tools (ms project, primavera, jira, trello, asana)', 'budget and resource management', 'stakeholder engagement and communication', 'budgeting and resource management', 'use of ms project, primavera, jira', 'risk and quality management', 'stakeholder communication and engagement', 'strategic alignment with business goals', 'project strategy and execution', 'stakeholder engagement and negotiation', 'project planning and execution', 'risk and quality oversight', 'use of project management software (ms project, jira, trello, asana)', 'advanced project planning and scheduling', 'cross-functional collaboration', 'conflict resolution', 'advanced project planning', 'resource allocation', 'budgeting and resource allocation', 'project lifecycle management', 'scheduling and budgeting', 'reporting and analytics', 'data-driven reporting', 'use of pm tools (ms project, jira, trello, asana)', 'stakeholder management and communication', 'advanced project planning and execution', 'strategic project alignment', 'stakeholder engagement', 'stakeholder management', 'advanced project management', 'advanced scheduling, budgeting, and resource allocation', 'strategic alignment', 'use of project management tools (ms project, jira, trello)', 'team leadership', 'data-driven decision making']"
Experienced,Python Developer,"['leadership', 'kubernetes', 'pytorch', 'django', 'python advanced', 'fastapi', 'sqlalchemy', 'rest apis', 'project management', 'aws', 'generators', 'tensorflow basics', 'docker', 'flask', 'graphql', 'docker basics', 'mysql', 'innovation management', 'graphql basics', 'nosql basics', 'postgresql', 'kubernetes basics', 'pytorch basics', 'tensorflow', 'decorators', 'flask advanced', 'metaprogramming', 'aws basics', 'innovation', 'nosql', 'team collaboration', 'django advanced', 'scikit-learn', 'pytest advanced', 'async programming']"
Experienced,Robotics Engineer,"['simulation (gazebo, rviz)', 'leadership', 'advanced robotics control', 'innovation strategy', 'innovation in robotics', 'ml in robotics', 'problem solving', 'machine learning in robotics', 'embedded systems design', 'robotics control theory', 'simulation tools', 'python advanced', 'lidar and vision sensors', 'ros development', 'cross-team collaboration', 'gazebo, rviz', 'arduino/raspberry pi advanced', 'project management', 'sensor integration and fusion', 'matlab', 'gazebo, rviz simulation', 'advanced robotics control algorithms', 'machine learning basics for robotics', 'cad/solidworks advanced', 'hardware debugging', 'innovation management', 'robotics control algorithms', 'project strategy', 'embedded systems', 'c++ advanced', 'advanced cad/solidworks', 'python expert', 'machine learning applications', 'cross-functional collaboration', 'control algorithms', 'advanced python', 'team management', 'control theory', 'cad/solidworks', 'sensor fusion', 'computer vision', 'embedded systems expert', 'simulation tools (gazebo, rviz)', 'advanced cad', 'hardware interfacing', 'c++ expert', 'control systems advanced', 'control algorithms advanced', 'ros advanced', 'solidworks advanced', 'project leadership', 'innovation', 'team mentoring', 'ros advanced development', 'team collaboration', 'machine learning', 'team leadership', 'advanced c++', 'embedded systems advanced', 'advanced control theory']"
Experienced,SEO Specialist,"['privacy-compliant seo strategies', 'schema markup and structured data implementation', 'crawlability, indexing, and site structure optimization', 'link building and outreach', 'ai and machine learning in seo', 'seo strategy and execution', 'search console', 'stakeholder communication', 'local seo optimization', 'ai-powered seo tools', 'analytics and reporting', 'schema markup and structured data', 'seo strategy and planning', 'privacy-compliant seo', 'crawlability and indexing optimization', 'content optimization', 'google analytics ga4', 'content strategy and optimization', 'seo strategy', 'ai-driven seo tools', 'local seo strategy', 'privacy compliance (gdpr)', 'link building', 'local and mobile seo optimization', 'voice and visual search optimization', 'ai-driven seo insights', 'link building strategy', 'analytics and reporting (ga4, looker studio)', 'page speed and performance optimization', 'technical seo audits', 'content strategy and seo copywriting', 'link building campaigns', 'seo strategy and roadmap', 'advanced technical seo', 'multimodal search optimization', 'advanced on-page and off-page seo', 'page speed and mobile optimization', 'content marketing optimization', 'seo strategy development', 'local seo and voice search optimization', 'looker studio', 'mobile seo optimization', 'analytics and reporting (ga4, looker studio, search console)', 'advanced content strategy']"
Experienced,SOC Analyst,"['qradar', 'splunk', 'network defense', 'python scripting', 'incident response', 'siem tools']"
Experienced,Sales Executive,"['social selling', 'negotiation', 'hubspot', 'sales automation', 'data-driven sales', 'relationship management', 'salesforce', 'lead generation', 'predictive analytics', 'closing techniques']"
Experienced,Senior Android Developer,"['unit testing', 'kotlin', 'dagger', 'room', 'rest apis', 'clean architecture', 'ci/cd', 'firebase', 'java', 'android studio', 'mvvm']"
Experienced,Senior Android Engineer,"['unit testing', 'kotlin', 'dagger', 'room', 'jetpack', 'ci/cd', 'clean architecture', 'firebase', 'java', 'android studio', 'mvvm']"
Experienced,Senior Cloud Architect,"['leadership', 'aws multi-cloud', 'ansible', 'devops automation', 'cloudformation', 'kubernetes orchestration', 'azure networking']"
Experienced,Senior Incident Response Analyst,"['threat hunting', 'malware analysis', 'qradar', 'splunk', 'forensics', 'incident response']"
Experienced,Senior Interaction Designer,"['micro-interactions', 'after effects', 'prototyping', 'principle', 'figma']"
Experienced,Senior Network Engineer,"['palo alto', 'cisco asa', 'nagios', 'sd-wan', 'zero trust security']"
Experienced,Senior Security Analyst,"['cloud security', 'vulnerability management', 'compliance (gdpr, pci-dss)', 'powershell', 'logrhythm']"
Experienced,Senior System Engineer,"['docker', 'windows server', 'grafana', 'powershell', 'active directory']"
Experienced,Senior UX Designer,"['a/b testing', 'design systems', 'axure', 'user research', 'journey mapping', 'adobe xd', 'accessibility standards', 'sketch', 'principle', 'figma']"
Experienced,Senior iOS Developer,"['core data', 'swift', 'graphql', 'ci/cd', 'objective-c', 'mvvm', 'github actions']"
Experienced,Senior iOS Engineer,"['jenkins', 'core data', 'swift', 'graphql', 'crashlytics', 'core animation', 'xcode', 'objective-c']"
Experienced,Site Reliability Engineer,"['time management', 'distributed systems', 'leadership', 'communication', 'ci/cd pipelines (jenkins, bamboo, github actions)', 'docker, kubernetes advanced', 'java scripting', 'cloud platforms expert (aws, azure, gcp)', 'bash scripting', 'windows server administration', 'iac (terraform, ansible, puppet)', 'monitoring & logging (prometheus, grafana, elk, nagios, splunk)', 'go programming', 'aws, azure, gcp expert', 'python advanced', 'distributed systems architecture', 'security and compliance knowledge', 'linux expert', 'linux/windows administration', 'bash scripting expert', 'aws, azure, gcp', 'monitoring & logging', 'ci/cd pipelines (jenkins, github actions, bamboo)', 'linux/windows', 'ci/cd pipelines expert', 'aws, azure, gcp advanced', 'security and compliance', 'distributed systems management', 'security compliance', 'windows server', 'docker, kubernetes expert', 'monitoring & logging expert (prometheus, grafana, elk, nagios, splunk)', 'monitoring & logging (prometheus, grafana, elk)', 'security and compliance basics', 'python, go, java', 'cloud expert (aws, azure, gcp)', 'ci/cd pipelines (jenkins, github actions)', 'python, go', 'infrastructure as code (terraform, ansible, puppet, chef)', 'automation and scripting', 'cloud (aws, azure, gcp)', 'monitoring and logging (prometheus, grafana, elk stack, nagios, splunk)', 'ci/cd pipelines expert (jenkins, bamboo, github actions)', 'iac (terraform, ansible)', 'cloud platforms (aws, azure, gcp)', 'collaboration', 'docker, kubernetes', 'distributed systems design and management', 'automation scripting', 'distributed systems design', 'infrastructure as code (terraform, ansible)', 'ci/cd pipelines', 'linux administration', 'linux administration expert', 'networking (tcp/ip, dns, cdn, load balancing)', 'monitoring & logging tools', 'go, java', 'monitoring (prometheus, grafana, elk, nagios, splunk)', 'infrastructure as code (terraform, ansible, puppet)', 'monitoring (prometheus, grafana, elk stack, nagios, splunk)', 'networking (tcp/ip, dns, load balancing)', 'linux/windows expert', 'bash/zsh scripting', 'cloud platforms expert', 'monitoring and logging tools (prometheus, grafana, elk stack)', 'windows administration', 'automation', 'ci/cd (jenkins, bamboo, github actions)', 'networking (tcp/ip, dns, load balancing, cdn)', 'networking', 'iac (terraform, ansible, puppet, chef)', 'linux/windows administration expert', 'problem-solving']"
Experienced,Software Developer - Experienced,"['git', 'kubernetes', 'c++', 'csharp', 'ci/cd', 'django', 'azure', 'java', 'react', 'vue.js', 'aws', 'docker', 'python', 'angular', 'agile', 'agile/scrum', 'sql', 'spring boot', 'nosql', 'microservices', 'node.js', 'javascript/typescript', 'team leadership']"
Experienced,Software Engineer - Experienced,"['unit testing', 'git', 'kubernetes', 'typescript', 'html', 'ci/cd', 'django', 'java', 'mentoring', 'rest apis', 'react', 'aws', 'docker', 'python', 'angular', 'redux', 'agile', 'postgresql', 'sql', 'express', 'mongodb', 'spring boot', 'testing', 'microservices', 'javascript', 'debugging', 'node.js', 'team leadership', 'css', 'machine learning']"
Experienced,Software Tester (SDET),"['automation strategy', 'ci/cd integration (jenkins, bamboo)', 'code review', 'python advanced', 'cross-team collaboration', 'appium', 'mentoring', 'testng', 'selenium webdriver', 'ci/cd integration', 'cypress', 'test data management', 'api testing advanced', 'advanced python', 'advanced java', 'ci/cd (jenkins, bamboo, azure devops)', 'test automation', 'agile leadership', 'performance testing', 'jmeter', 'api testing', 'metrics-driven qa', 'test automation strategy', 'team mentoring', 'team collaboration', 'performance and load testing', 'c# advanced', 'defect metrics', 'strategic qa planning', 'ci/cd integration (jenkins, azure devops)', 'defect management metrics']"
Experienced,Solutions Architect,"['terraform', 'leadership', 'kubernetes', 'ci/cd', 'azure', 'gcp', 'java', 'project management', 'aws', 'docker', 'python', 'security compliance', 'security protocols', 'ci/cd pipelines', 'collaboration', 'stakeholder engagement', 'stakeholder management', 'project leadership', 'microservices', 'node.js', 'cloudformation', 'problem-solving']"
Experienced,Staff UX Designer,"['invision', 'a/b testing', 'design systems', 'user research', 'figma']"
Experienced,System Engineer,"['terraform', 'aws', 'kubernetes', 'system architecture', 'linux', 'windows server', 'vmware', 'security compliance', 'linux administration', 'python scripting', 'powershell', 'nagios', 'active directory']"
Experienced,System Engineer - Automation Specialist,"['bash', 'python', 'linux', 'vmware', 'ansible']"
Experienced,System Engineer - Cloud & Automation,"['aws', 'docker', 'python', 'ansible', 'azure']"
Experienced,System Engineer - Cloud Focus,"['terraform', 'aws', 'linux', 'azure', 'nagios']"
Experienced,System Engineer - DevOps Integration,"['kubernetes', 'docker', 'linux', 'ci/cd', 'ansible']"
Experienced,System Engineer - Monitoring,"['linux', 'windows server', 'grafana', 'automation scripts', 'nagios']"
Experienced,System Engineer - Security,"['compliance', 'firewalls', 'aws iam', 'linux security', 'powershell']"
Experienced,System Engineer - Virtualization,"['docker', 'linux', 'vmware', 'networking', 'hyper-v']"
Experienced,Technical Writer,"['advanced editing', 'madcap flare', 'ai-assisted documentation', 'advanced technical writing', 'api documentation', 'proofreading', 'cms', 'technical documentation', 'xml/html/css', 'structured authoring', 'version control', 'adobe framemaker', 'ux documentation']"
Experienced,Telecom & Network Engineer,"['voip', 'sip', 'bgp', 'qos', 'cisco routers']"
Experienced,UI Designer,"['branding', 'leadership', 'a/b testing', 'html', 'micro-interactions', 'responsive design', 'js', 'principle', 'figma', 'design systems', 'prototyping', 'sketch', 'after effects', 'accessibility', 'usability testing', 'animation', 'interaction design', 'invision', 'user flows', 'ui/ux collaboration', 'team leadership', 'adobe xd', 'css']"
Experienced,UX Architect,"['design systems', 'agile ux', 'wcag', 'information architecture', 'prototyping', 'figma']"
Experienced,UX Consultant,"['design thinking', 'user research', 'agile ux', 'sketch', 'figma']"
Experienced,UX Design Lead,"['leadership', 'design systems', 'figma', 'agile ux', 'interaction design', 'accessibility']"
Experienced,UX Manager,"['design thinking', 'user research', 'figma', 'journey mapping', 'team leadership', 'accessibility']"
Experienced,UX Strategist,"['analytics', 'design systems', 'ux research', 'journey mapping', 'figma']"
Experienced,Web Developer,"['typescript', 'kubernetes', 'ci/cd', 'django', 'redis', 'rest apis', 'react', 'vue.js', 'aws', 'docker', 'angular', 'graphql', 'express.js', 'testing with jest', 'sql', 'mongodb', 'javascript', 'node.js', 'testing with jest/enzyme', 'testing frameworks']"
Experienced,iOS Application Developer,"['jenkins', 'core data', 'swift', 'core animation', 'xcode', 'firebase', 'objective-c']"
Experienced,iOS Architect,"['mvp', 'swift', 'ci/cd', 'jira', 'core animation', 'objective-c', 'mvvm']"
Experienced,iOS Developer,"['app store submission', 'git', 'swift', 'rest apis', 'cocoa touch', 'xcode', 'objective-c', 'mvvm']"
Experienced,iOS Mobile App Engineer,"['unit testing', 'kotlin', 'crashlytics', 'swift', 'firebase', 'objective-c', 'mvvm']"
Experienced,iOS Solutions Engineer,"['core data', 'swift', 'graphql', 'xcode instruments', 'performance tuning', 'objective-c']"
Experienced,iOS Tech Lead,"['agile/scrum', 'core data', 'swift', 'ci/cd', 'objective-c', 'rest apis']"
Fresher,.NET Developer,"['.net core basics', 'git', 'html', 'csharp', 'vb.net basics', 'mvc', '.net core fundamentals', 'asp.net basics', 'unit testing basics', 'aspnet', 'dotnet', 'linq', 'nunit basics', 'sql server', 'razor', 'vb.net', 'javascript basics', '.net framework', 'visual studio', '.net framework basics', 'entity framework basics', 'css']"
Fresher,AI Prompt Engineer,"['intro nlp', 'openai gpt models exposure', 'teamwork', 'python basics', 'communication', 'nlp basics', 'nlp introduction', 'prompt writing', 'openai gpt basics', 'introductory nlp', 'tensorflow basics', 'openai gpt intro', 'nltk basics', 'openai gpt models intro', 'pytorch basics', 'critical thinking', 'collaboration', 'hugging face basics', 'gpt models intro', 'javascript basics', 'spacy basics', 'intro to nlp', 'creativity', 'hugging face transformers basics', 'openai gpt model basics', 'problem-solving', 'prompt writing fundamentals', 'gpt model exposure']"
Fresher,AR/VR Developer,"['unreal engine basics', 'teamwork', 'communication', 'arcore basics', 'ui/ux fundamentals', 'motion tracking basics', '3d modeling basics', 'c# basics', 'blender basics', 'spatial computing basics', 'maya basics', 'c++ basics', 'unity basics', 'javascript basics', 'arkit basics', 'blender/maya basics', 'creativity', '3d modeling fundamentals', 'problem-solving']"
Fresher,Android App Developer Trainee,"['ui/ux basics', 'sqlite', 'git', 'kotlin', 'mvc', 'java', 'android studio', 'rest apis']"
Fresher,Android Developer Intern,"['ui/ux basics', 'xml', 'sqlite', 'kotlin', 'git', 'mvc', 'java', 'rest api', 'android studio', 'rest apis']"
Fresher,Android Developer Trainee,"['ui/ux basics', 'xml', 'sqlite', 'kotlin', 'git', 'java', 'rest api', 'android studio']"
Fresher,Android Development Intern,"['ui/ux basics', 'xml', 'sqlite', 'kotlin', 'git', 'java', 'rest api', 'android studio']"
Fresher,Associate Android Developer,"['xml', 'sqlite', 'kotlin', 'git', 'ui/ux design', 'java', 'rest api', 'android studio']"
Fresher,Associate Cloud Architect,"['cloud database basics', 'aws basics', 'docker', 'azure basics', 'linux administration']"
Fresher,Associate Cybersecurity Analyst,"['wireshark', 'linux security', 'firewall basics', 'incident response', 'gdpr basics']"
Fresher,Associate Network Engineer,"['python basics', 'bash basics', 'dhcp', 'dns', 'cisco ios', 'subnetting']"
Fresher,Associate System Engineer,"['tcp/ip', 'perl basics', 'vmware', 'linux administration basics', 'cloud concepts']"
Fresher,Associate UX Designer,"['team collaboration', 'typography', 'user research basics', 'wireframes', 'adobe xd', 'prototyping', 'sketch', 'figma']"
Fresher,Associate iOS Engineer,"['git', 'swift', 'json', 'objective-c', 'rest apis']"
Fresher,Backend Developer - Entry Level,"['postgresql', 'flask', 'git', 'docker', 'python', 'restful api', 'express.js', 'django', 'redis', 'node.js', 'cloud basics', 'agile', 'ci/cd basics', 'mysql', 'graphql basics', 'java', 'mongodb']"
Fresher,Big Data Specialist,"['teamwork', 'python basics', 'hadoop (hdfs, hive, mapreduce)', 'analytical thinking', 'curiosity', 'nosql basics (mongodb, hbase)', 'apache nifi', 'spark basics', 'nosql basics', 'linux/unix basics', 'hadoop ecosystem basics', 'scala basics', 'etl concepts', 'hadoop (hdfs, mapreduce, hive, pig)', 'apache spark basics', 'apache nifi basics', 'java basics', 'hadoop (hdfs, mapreduce, hive)', 'talend', 'sql basics', 'talend basics', 'etl basics', 'problem-solving', 'hadoop basics']"
Fresher,Blockchain Developer,"['teamwork', 'git', 'python basics', 'communication', 'git basics', 'hyperledger', 'smart contract development', 'ethereum', 'cryptography fundamentals', 'smart contract testing', 'ethereum basics', 'smart contract implementation', 'truffle basics', 'dapps basics', 'dapps fundamentals', 'solidity basics', 'remix ide basics', 'cryptography basics', 'collaboration', 'c++ basics', 'java basics', 'adaptability', 'smart contracts', 'smart contract development and testing', 'hyperledger basics', 'corda basics', 'corda', 'smart contracts basics', 'truffle', 'problem-solving', 'ethereum fundamentals', 'remix ide']"
Fresher,Business Analyst,"['communication', 'basic data analysis', 'data analysis basics', 'agile fundamentals', 'data analysis', 'data interpretation', 'agile methodology awareness', 'research skills', 'power bi basics', 'collaboration', 'sql', 'requirement gathering', 'research', 'requirement documentation', 'team collaboration', 'sql basics', 'tableau basics', 'excel', 'problem-solving', 'documentation']"
Fresher,Cloud Architect,"['aws fundamentals', 'kubernetes basics', 'python basics', 'azure basics', 'bash scripting', 'gcp basics', 'cloud security fundamentals', 'docker introduction']"
Fresher,Cloud Solutions Associate,"['docker', 'cloud storage basics', 'linux administration', 'networking fundamentals', 'terraform basics', 'java basics']"
Fresher,Cloud Trainee,"['bash', 'cloud storage basics', 'python scripting', 'iam fundamentals', 'basic networking']"
Fresher,Content Writer,"['time management', 'adaptation of tone and style', 'wordpress basics', 'seo basics', 'ai tools exposure', 'cms basics', 'basic writing and grammar', 'digital marketing awareness', 'ai writing tools awareness', 'clarity in writing', 'writing clarity', 'research and fact-checking', 'basic seo', 'cms familiarity', 'fact-checking', 'communication skills', 'keyword usage', 'basic seo knowledge', 'editing and proofreading', 'adaptable tone and style', 'seo fundamentals', 'research skills', 'digital marketing basics', 'blog and article writing', 'ai tool awareness', 'proofreading', 'ai content tools awareness', 'tone and style adaptation', 'content research', 'writing and grammar', 'research', 'content creation', 'grammar and punctuation', 'creativity', 'content formatting', 'writing clarity and grammar', 'ai writing tool exposure']"
Fresher,Copywriter,"['time management', 'persuasive writing', 'communication', 'content editing and proofreading', 'basic seo practices', 'proofreading and editing', 'seo basics', 'ai writing tools awareness', 'ai writing tools', 'research and fact-checking', 'creativity and storytelling', 'basic seo', 'cms familiarity', 'cms basics (wordpress, hubspot)', 'basic seo knowledge', 'email and social media familiarity', 'persuasive copywriting', 'adaptable writing style', 'ai writing tool awareness', 'cms usage', 'tone and style adaptation', 'content research', 'grammar and punctuation mastery', 'grammar and punctuation', 'creativity', 'team collaboration', 'familiarity with digital marketing channels', 'research and accuracy', 'ai-assisted writing tools', 'clear and persuasive writing', 'storytelling']"
Fresher,Cybersecurity Analyst,"['wireshark', 'c++', 'python', 'linux basics', 'encryption basics', 'firewall configuration', 'incident response', 'nessus', 'snort']"
Fresher,Cybersecurity Intern,"['python', 'vulnerability assessment', 'antivirus tools', 'linux fundamentals', 'nist basics', 'snort']"
Fresher,Cybersecurity Support Analyst,"['wireshark', 'teamwork', 'cryptography basics', 'iso 27001 basics', 'firewall rules']"
Fresher,Cybersecurity Trainee,"['encryption fundamentals', 'wireshark', 'metasploit', 'linux security', 'c++ basics']"
Fresher,Data Analyst / Data Scientist Intern,"['matplotlib', 'python', 'r', 'seaborn', 'sql', 'basic ml: classification, clustering', 'mysql', 'pandas', 'mongodb', 'numpy']"
Fresher,Data Engineer,"['data modeling basics', 'azure basics', 'linux', 'aws beginner', 'analytical thinking', 'spark fundamentals', 'java', 'hadoop fundamentals', 'python', 'spark basics', 'mysql', 'postgresql', 'airflow fundamentals', 'sql', 'etl fundamentals', 'scala basics', 'data structures', 'mongodb', 'java basics', 'aws basics', 'azure fundamentals', 'aws cloud basics', 'airflow basics', 'etl tools introduction', 'etl basics', 'aws s3 basics', 'hadoop basics']"
Fresher,Data Science Associate,"['postgresql', 'matplotlib', 'python', 'r', 'seaborn', 'sql', 'basic ml: regression, classification, clustering', 'data preprocessing', 'data cleaning', 'mysql', 'pandas', 'numpy']"
Fresher,Data Science Intern,"['data wrangling', 'postgresql', 'matplotlib', 'python', 'r', 'seaborn', 'sql', 'data preprocessing', 'mysql', 'pandas', 'basic ml: logistic regression, clustering, decision trees', 'numpy']"
Fresher,Data Scientist - Entry Level,"['data wrangling', 'postgresql', 'matplotlib', 'python', 'r', 'seaborn', 'sql', 'basic ml: classification, regression, clustering', 'data preprocessing', 'mysql', 'pandas', 'mongodb', 'numpy']"
Fresher,Data Scientist - Fresher,"['postgresql', 'matplotlib', 'python', 'r', 'basic ml algorithms: regression, classification, clustering', 'seaborn', 'sql', 'mysql', 'pandas', 'numpy']"
Fresher,DevOps Engineer - Fresher,"['gcp awareness', 'git', 'kubernetes', 'python basics', 'jenkins', 'azure basics', 'bash basics', 'terraform/ansible awareness', 'gcp basics', 'ci/cd basics', 'azure awareness', 'docker', 'python', 'linux fundamentals', 'terraform awareness', 'python fundamentals', 'bash', 'github/gitlab', 'ansible awareness', 'aws awareness', 'aws basics', 'linux basics']"
Fresher,Digital Marketing Specialist,"['email marketing tools (mailchimp, hubspot) basics', 'cms (wordpress)', 'teamwork', 'social media marketing basics', 'communication', 'content creation and copywriting', 'basic marketing automation', 'google analytics', 'cms knowledge', 'sem basics', 'google ads', 'blogging', 'email marketing basics', 'instagram and linkedin marketing basics', 'communication skills', 'google analytics basics', 'instagram marketing basics', 'seo fundamentals', 'digital advertising basics', 'linkedin marketing basics', 'facebook ads manager basics', 'cms tools (wordpress)', 'cms tools', 'google ads basics', 'seo/sem fundamentals', 'instagram, linkedin basics', 'content creation', 'seo and sem fundamentals', 'adaptability', 'facebook ads manager', 'email marketing (mailchimp, hubspot basics)', 'creativity', 'copywriting', 'team collaboration', 'email marketing tools basics', 'blogging and copywriting', 'cms (wordpress) basics', 'social media marketing', 'google ads and facebook ads basics']"
Fresher,Entry Level Data Scientist,"['data wrangling', 'postgresql', 'matplotlib', 'python', 'r', 'seaborn', 'sql', 'basic ml: classification, regression, clustering', 'data cleaning', 'mysql', 'pandas', 'mongodb', 'numpy']"
Fresher,Entry-Level ML Engineer,"['feature engineering', 'ml basics: classification, regression, clustering, decision trees', 'git/github', 'ml libraries: scikit-learn, tensorflow, pytorch', 'python', 'r', 'visualization: matplotlib, seaborn', 'data preprocessing', 'java', 'statistics: probability, linear algebra']"
Fresher,Entry-Level Network Analyst,"['wireshark', 'tcp/ip', 'dns', 'nagios', 'subnetting']"
Fresher,Entry-Level Security Analyst,"['c++', 'metasploit', 'risk assessment basics', 'windows security', 'snort']"
Fresher,Entry-level Android Developer,"['xml', 'sqlite', 'kotlin', 'git', 'material design', 'java', 'rest api', 'android studio']"
Fresher,Entry-level iOS Developer,"['ui/ux basics', 'simulator', 'swift', 'cocoa touch', 'xcode', 'objective-c']"
Fresher,Ethical Hacker,"['teamwork', 'python basics', 'communication', 'bash scripting', 'analytical thinking', 'basic cryptography knowledge', 'linux (kali/parrot os) basics', 'vulnerability scanning basics', 'penetration testing fundamentals', 'cryptography fundamentals', 'bash scripting basics', 'web application security', 'networking basics', 'linux (kali linux/parrot os) basics', 'familiarity with nmap, sqlmap', 'familiarity with nmap and wireshark', 'vulnerability assessment', 'vulnerability assessment basics', 'web app security basics', 'ethical mindset', 'networking fundamentals', 'introduction to penetration testing', 'windows security basics', 'familiarity with metasploit and burp suite', 'ethical awareness', 'ethical compliance', 'basic cryptography understanding', 'familiarity with metasploit, wireshark', 'introductory penetration testing', 'linux and windows os basics', 'vulnerability scanning', 'basic knowledge of nmap, burp suite', 'basic vulnerability assessment', 'linux/windows os fundamentals', 'problem-solving', 'web application security basics']"
Fresher,Fintech Engineer,"['sql fundamentals', 'teamwork', 'python basics', 'communication', 'azure basics', 'cybersecurity fundamentals', 'cloud basics (aws/azure)', 'data analysis basics', 'financial domain knowledge', 'financial knowledge basics', 'introductory data science', 'api integration basics', 'intro to ml', 'financial products knowledge', 'aws/azure basics', 'collaboration', 'intro to machine learning', 'blockchain basics', 'cybersecurity awareness', 'javascript basics', 'api integration fundamentals', 'introductory machine learning', 'blockchain fundamentals', 'aws basics', 'adaptability', 'financial products understanding', 'sql basics', 'machine learning basics', 'agility', 'problem-solving', 'introductory ml', 'cybersecurity basics']"
Fresher,Fresher Data Scientist,"['matplotlib', 'python', 'r', 'seaborn', 'sql', 'basic ml: classification, regression, clustering', 'mysql', 'pandas', 'mongodb', 'numpy']"
Fresher,Fresher ML Engineer,"['feature engineering', 'git/github', 'data visualization: matplotlib, seaborn', 'python', 'r', 'ml frameworks: scikit-learn, tensorflow, pytorch, keras', 'data preprocessing', 'statistics: probability, linear algebra', 'java', 'ml fundamentals: regression, classification, clustering, decision trees']"
Fresher,Full Stack Developer - Entry Level,"['git', 'html', 'django', 'django/flask', 'html5', 'react', 'vue.js', 'flask', 'javascript (es6+)', 'angular', 'mysql', 'postgresql', 'sql', 'css3', 'mongodb', 'nosql', 'javascript', 'node.js', 'css', 'python (django/flask)']"
Fresher,Game Developer,"['unreal engine basics', 'teamwork', 'python basics', 'communication', 'git basics', 'debugging basics', 'directx basics', 'opengl basics', 'animation basics', 'c# basics', 'game mechanics basics', 'game mechanics fundamentals', 'mobile/console platform awareness', 'animation fundamentals', 'physics and animation basics', 'mobile game awareness', 'mobile/console development basics', 'c++ basics', 'unity basics', 'java basics', 'adaptability', 'physics basics', 'creativity', 'physics and collision basics', 'directx/opengl basics']"
Fresher,Graduate Network Engineer,"['switching', 'lan/wan', 'python scripting basics', 'basic routing']"
Fresher,Graduate Security Analyst,"['python basics', 'nist basics', 'antivirus', 'snort', 'windows/linux basics']"
Fresher,Graduate iOS Developer,"['git', 'uikit', 'swift', 'cocoa touch', 'mvc', 'xcode']"
Fresher,Graphic Designer,"['basic html/css', 'time management', 'adaptability', 'creativity', 'adobe photoshop', 'communication', 'indesign', 'adobe indesign', 'adobe illustrator', 'typography', 'figma basics', 'illustrator', 'basic figma', 'photoshop', 'color theory']"
Fresher,IT Support - Networking Focus,"['network troubleshooting', 'lan/wan', 'dns', 'tcp/ip']"
Fresher,Information Security Analyst - Fresher,"['python', 'firewall basics', 'nessus', 'gdpr basics', 'snort']"
Fresher,IoT Engineer,"['bluetooth', 'teamwork', 'python basics', 'communication', 'actuator integration', 'lora basics', 'bluetooth and zigbee protocols', 'embedded systems design', 'embedded firmware understanding', 'google cloud iot basics', 'agile awareness', 'c basics', 'sensor and actuator integration', 'mqtt basics', 'zigbee', 'agile methodology awareness', 'ipv6 basics', 'tcp/ip basics', 'power bi basics', 'coap basics', 'sensor integration', 'zigbee basics', 'c++ basics', 'java basics', 'azure iot basics', 'mqtt', 'aws iot basics', 'tableau basics', 'problem-solving', 'embedded systems development', 'coap', 'cloud iot basics']"
Fresher,Java Developer,"['git', 'html', 'inheritance', 'sql (mysql/postgresql)', 'problem solving', 'collections framework', 'encapsulation', 'spring framework basics', 'testng basics', 'junit', 'networking basics', 'testng', 'database management', 'java collections', 'junit basics', 'spring basics', 'java apis', 'polymorphism', 'exception handling', 'servlets', 'concurrency basics', 'basic rest api knowledge', 'oop', 'java i/o', 'jsp', 'file handling', 'javascript basics', 'database basics', 'version control (git)', 'gradle', 'jdbc', 'sql queries', 'multithreading basics', 'core java', 'javascript', 'html/css', 'sql basics', 'team collaboration', 'hibernate basics', 'css', 'maven']"
Fresher,JavaScript Developer,"['teamwork', 'git', 'communication', 'git basics', 'responsive design', 'html5', 'core javascript es6+', 'react', 'rest api knowledge', 'vue.js basics', 'json', 'css3 basics', 'ajax/json', 'angular basics', 'javascript es6+', 'html5 basics', 'css3', 'adaptability', 'ajax', 'react basics', 'rest api basics', 'team collaboration', 'rest api integration', 'problem-solving', 'async programming']"
Fresher,Junior Android Developer,"['xml', 'git', 'kotlin', 'sqlite', 'ui/ux design', 'java', 'rest api', 'android studio']"
Fresher,Junior Android Engineer,"['ui/ux basics', 'xml', 'sqlite', 'kotlin', 'git', 'java', 'android studio', 'rest apis']"
Fresher,Junior Cloud Engineer,"['ci/cd introduction', 'kubernetes fundamentals', 'python scripting', 'cloud networking', 'docker basics']"
Fresher,Junior Data Scientist,"['postgresql', 'matplotlib', 'python', 'r', 'basic ml: logistic regression, decision trees, k-means', 'seaborn', 'sql', 'excel', 'mysql', 'pandas', 'numpy']"
Fresher,Junior Interaction Designer,"['prototyping basics', 'typography', 'user research fundamentals', 'adobe xd', 'sketch', 'figma']"
Fresher,Junior Machine Learning Engineer,"['feature engineering', 'git/github', 'data visualization: matplotlib, seaborn', 'matplotlib', 'ml fundamentals: regression, classification, clustering, decision trees', 'python', 'r', 'ml frameworks: scikit-learn, tensorflow, pytorch, keras', 'seaborn', 'sql', 'basic ml models: decision trees, k-means, logistic regression', 'data preprocessing', 'mysql', 'statistics: probability, linear algebra', 'pandas', 'java', 'mongodb', 'numpy']"
Fresher,Junior Network Engineer,"['wireshark', 'tcp/ip', 'dhcp', 'lan/wan', 'dns', 'cisco routers', 'cisco switches', 'subnetting']"
Fresher,Junior Security & Network Engineer,"['wireshark', 'firewall basics', 'ids/ips intro', 'vpn', 'cisco routers']"
Fresher,Junior Security Analyst,"['wireshark', 'metasploit', 'team collaboration', 'windows security', 'iso 27001 basics', 'cryptography fundamentals', 'javascript basics']"
Fresher,Junior Swift Developer,"['git', 'swift', 'ui/ux guidelines', 'xcode', 'objective-c basics']"
Fresher,Junior System Engineer,"['aws fundamentals', 'tcp/ip', 'windows server basics', 'bash scripting', 'python', 'linux basics', 'virtualbox', 'vmware']"
Fresher,Junior UX Analyst,"['invision', 'user research basics', 'wireframes', 'prototyping', 'figma']"
Fresher,Junior UX Designer,"['invision', 'layout design', 'figma', 'color theory', 'wireframing', 'adobe xd', 'basic usability testing', 'information architecture']"
Fresher,Junior iOS Developer,"['git', 'interface builder', 'swift', 'cocoa touch', 'objective-c', 'rest apis', 'json handling']"
Fresher,ML Engineer Intern,"['feature engineering', 'git/github', 'ml libraries: scikit-learn, tensorflow, pytorch', 'data visualization: matplotlib, seaborn', 'python', 'r', 'data preprocessing', 'java', 'statistics: probability, linear algebra', 'ml fundamentals: classification, regression, clustering, supervised/unsupervised learning']"
Fresher,ML Engineer Trainee,"['feature engineering', 'git/github', 'ml libraries: scikit-learn, tensorflow, pytorch, keras', 'statistics and probability', 'python', 'r', 'visualization: matplotlib, seaborn', 'ml fundamentals: supervised/unsupervised learning, classification, regression, clustering', 'data preprocessing', 'java']"
Fresher,Machine Learning Engineer - Fresher,"['feature engineering', 'git/github', 'data visualization: matplotlib, seaborn', 'python', 'r', 'ml frameworks: scikit-learn, tensorflow, pytorch, keras', 'ml fundamentals: supervised/unsupervised learning, regression, classification, clustering, decision trees', 'data preprocessing', 'java', 'statistics: probability, linear algebra']"
Fresher,Market Research Analyst,"['time management', 'consumer behavior analysis', 'communication', 'critical thinking', 'report writing', 'survey design', 'data analysis basics', 'attention to detail', 'data visualization basics', 'excel', 'data collection', 'presentation skills', 'basic statistical analysis', 'excel advanced functions', 'qualitative research']"
Fresher,Marketing Specialist,"['time management', 'ppc campaigns', 'creative design tools', 'seo basics', 'google analytics', 'market research', 'sem basics', 'data analysis basics', 'email marketing tools', 'video production basics', 'blogging', 'email marketing basics', 'seo, sem, ppc', 'email campaigns', 'google analytics basics', 'canva and adobe creative suite', 'collaboration and communication', 'marketing automation', 'team communication', 'ppc ads', 'collaboration', 'event management', 'marketing automation tools (mailchimp, hubspot)', 'social media basics', 'seo/sem', 'adobe creative suite basics', 'content creation', 'canva and wordpress basics', 'social media platforms', 'social media management', 'copywriting', 'team collaboration', 'event coordination', 'digital marketing fundamentals', 'content marketing', 'marketing analytics', 'social media marketing']"
Fresher,Network Intern,"['cisco ios', 'vpn basics', 'dhcp', 'subnetting']"
Fresher,Network Operations Center (NOC) Engineer,"['solarwinds', 'tcp/ip', 'network monitoring', 'incident management', 'nagios']"
Fresher,Network Support Engineer,"['solarwinds', 'vpn setup', 'bgp (intro)', 'routing basics', 'firewall basics', 'ospf']"
Fresher,Operations Manager,"['time management', 'adaptability', 'workflow awareness', 'communication', 'reporting', 'collaboration', 'observation', 'basic erp/crm knowledge', 'team coordination', 'data reporting basics', 'erp/crm basics', 'report preparation', 'basic team coordination', 'basic workflow management', 'problem-solving', 'process awareness', 'workflow observation', 'process observation']"
Fresher,Product Designer,"['teamwork', 'html', 'adobe illustrator', 'responsive design', 'figma', 'adobe photoshop', 'prototyping', 'sketch', 'prototyping basics', 'user research basics', 'information architecture basics', 'user flows', 'basic javascript', 'creativity', 'typography', 'color theory', 'wireframing', 'adobe xd', 'css']"
Fresher,Product Manager,"['teamwork', 'communication', 'customer-centric design awareness', 'market research', 'agile knowledge', 'basic data analytics', 'scrum and kanban basics', 'product lifecycle basics', 'tools: jira, confluence', 'product lifecycle understanding', 'market research and competitor analysis', 'agile methodologies (scrum, kanban)', 'data analytics fundamentals', 'tools: jira, figma', 'product strategy basics', 'tools: jira, confluence, figma basics', 'agile (scrum, kanban basics)', 'agile methodology knowledge', 'data analysis (excel, sql basics)', 'data analysis (excel, google analytics)', 'tools: figma, jira, confluence', 'ux principles awareness', 'adaptability', 'data analysis and metrics interpretation', 'ux awareness', 'tools: confluence, figma', 'basic product management concepts', 'ux/ui awareness', 'problem-solving', 'market research fundamentals']"
Fresher,Project Manager,"['time management', 'basic knowledge of waterfall and agile', 'basic budgeting and resource allocation', 'communication', 'kpi tracking', 'task scheduling', 'kpi tracking and reporting basics', 'basic budgeting', 'basic project planning', 'multitasking', 'communication skills', 'teamwork and collaboration', 'familiarity with jira and trello', 'communication and coordination', 'collaboration and teamwork', 'familiarity with ms project and trello', 'critical thinking', 'reporting', 'understanding of agile, scrum, waterfall', 'project management methodology basics', 'reporting and documentation', 'adaptability', 'task and milestone tracking', 'reporting basics', 'resource allocation basics', 'team collaboration', 'basic project planning and scheduling', 'communication and interpersonal skills', 'understanding of agile and scrum methodologies', 'budgeting basics', 'familiarity with jira, ms project, trello', 'familiarity with project tools (ms project, trello)', 'problem-solving and critical thinking', 'familiarity with microsoft project, jira, trello', 'problem-solving', 'basic knowledge of project management methodologies (agile, scrum, waterfall)']"
Fresher,Python Developer,"['django basics', 'teamwork', 'css basics', 'python basics', 'communication', 'git basics', 'pytest basics', 'pandas basics', 'exception handling', 'control flow', 'unittest basics', 'oop', 'matplotlib basics', 'fastapi basics', 'functions', 'javascript basics', 'adaptability', 'mongodb basics', 'flask basics', 'oop basics', 'sql basics', 'numpy basics', 'html basics', 'problem-solving', 'data types']"
Fresher,Robotics Engineer,"['teamwork', 'python basics', 'communication', 'pid fundamentals', 'lidar and infrared sensors basics', 'problem solving', 'embedded systems basics', 'ros basics', 'sensors basics (lidar, ultrasonic, infrared)', 'pid controller fundamentals', 'pid controllers', 'lidar and ultrasonic sensors basics', 'pid control basics', 'solidworks basics', 'sensor integration basics', 'solidworks', 'arduino basics', 'motor control', 'motor control basics', 'dynamics', 'linear algebra', 'autocad basics', 'autocad', 'c++ basics', 'adaptability', 'raspberry pi basics', 'kinematics', 'servo motors basics', 'matlab basics']"
Fresher,SEO Specialist,"['basic html/css', 'site indexing basics', 'google search console', 'html, css, javascript basics', 'off-page seo', 'content optimization', 'social media seo basics', 'google analytics ga4', 'basic link building', 'link building', 'google analytics basics', 'page speed optimization', 'seo copywriting', 'on-page seo basics', 'technical seo basics', 'keyword research', 'content optimization basics', 'link building basics', 'local seo basics', 'crawlability checks', 'local seo', 'off-page seo basics', 'html/css basics', 'search console basics', 'schema markup basics', 'looker studio', 'mobile seo basics', 'on-page seo', 'mobile seo']"
Fresher,Sales Executive,"['crm basics', 'time management', 'adaptability', 'communication', 'digital sales fundamentals', 'product knowledge', 'active listening', 'sales automation awareness', 'lead generation', 'customer engagement', 'digital sales awareness', 'relationship building']"
Fresher,Site Reliability Engineer,"['time management', 'networking basics (tcp/ip, dns)', 'shell scripting', 'python basics', 'communication', 'monitoring tools intro (prometheus, grafana)', 'tcp/ip networking', 'analytical thinking', 'tcp/ip networking basics', 'basic monitoring (nagios, grafana)', 'bash scripting basics', 'windows fundamentals', 'containerization basics (docker)', 'windows os fundamentals', 'bash/shell scripting', 'linux fundamentals', 'linux administration basics', 'docker basics', 'networking fundamentals', 'basic ci/cd', 'shell scripting (bash/zsh)', 'kubernetes introduction', 'cloud fundamentals (aws, gcp, azure)', 'kubernetes basics', 'collaboration', 'monitoring basics (prometheus/grafana/nagios)', 'basic ci/cd concepts', 'cloud platforms basics (aws/azure/gcp)', 'introduction to cloud platforms', 'ci/cd fundamentals', 'intro to monitoring (prometheus/grafana)', 'cloud platform basics (aws/azure/gcp)', 'docker fundamentals', 'basic automation scripts', 'adaptability', 'cloud fundamentals (aws/azure/gcp)', 'monitoring basics (nagios, grafana)', 'linux basics', 'linux os basics', 'linux administration fundamentals', 'windows os basics', 'problem-solving', 'docker introduction']"
Fresher,Software Developer - Entry Level,"['teamwork', 'git', 'communication', 'html', 'c++', 'azure basics', 'analytical thinking', 'xcode', 'java', 'android studio', 'react', 'python', 'angular', 'css', 'kotlin', 'collaboration', 'swift', 'sql', 'aws basics', 'nosql', 'javascript', 'ml libraries (scikit-learn, pandas)', 'problem-solving']"
Fresher,Software Engineer - Entry Level,"['git', 'html', 'c++', 'django', 'responsive design', 'azure', 'java', 'intellij', 'rest apis', 'react', 'figma', 'vue.js', 'docker', 'python', 'angular', 'mysql', 'algorithms', 'sql', 'vs code', 'apis', 'data structures', 'iot basics', 'mongodb', 'pycharm', 'game development', 'visual studio', 'github', 'rust', 'trello', 'javascript', 'jira', 'unity', 'jupyter notebook', 'node.js', 'machine learning basics', 'css', 'postman', 'cybersecurity basics']"
Fresher,Software Tester (SDET),"['teamwork', 'python basics', 'communication', 'jenkins basics', 'functional testing', 'selenium webdriver basics', 'attention to detail', 'regression testing', 'postman basics', 'functional and regression testing', 'c# basics', 'agile understanding', 'cypress basics', 'agile/scrum knowledge', 'jmeter basics', 'selenium basics', 'java basics', 'api testing', 'agile/scrum understanding', 'api testing basics', 'problem-solving', 'postman', 'basic jenkins']"
Fresher,Solutions Architect,"['teamwork', 'basic ci/cd and devops exposure', 'python basics', 'communication', 'azure basics', 'gcp basics', 'ci/cd basics', 'introductory node.js knowledge', 'basic security and compliance awareness', 'ci/cd introduction', 'node.js basics', 'docker/kubernetes basics', 'basic ci/cd', 'gcp fundamentals', 'basic security awareness', 'java fundamentals', 'python fundamentals', 'introductory security awareness', 'aws fundamentals', 'introductory microservices knowledge', 'javascript fundamentals', 'kubernetes fundamentals', 'ci/cd fundamentals', 'docker fundamentals', 'java basics', 'aws basics', 'azure fundamentals', 'basic container orchestration knowledge', 'introductory docker/kubernetes knowledge', 'basic architecture design', 'team collaboration', 'google cloud fundamentals', 'docker/kubernetes fundamentals', 'problem-solving', 'basic microservices understanding']"
Fresher,System Engineer,"['python', 'linux', 'windows server', 'vmware', 'networking basics']"
Fresher,System Engineer - Entry Level,"['python basics', 'monitoring tools', 'virtualbox', 'windows server', 'networking fundamentals']"
Fresher,System Engineer Intern,"['scripting fundamentals', 'monitoring tools', 'linux basics', 'cloud basics', 'networking']"
Fresher,System Engineer Trainee,"['azure fundamentals', 'python basics', 'monitoring tools', 'windows server', 'networking']"
Fresher,Technical Writer,"['basic html/css', 'time management', 'clear writing', 'adaptability', 'markdown', 'grammar and style', 'interviewing smes', 'basic html', 'collaboration', 'proofreading', 'cms basics', 'technical accuracy', 'research skills', 'attention to detail']"
Fresher,Trainee Android App Developer,"['ui/ux basics', 'xml', 'sqlite', 'kotlin', 'git', 'java', 'rest api', 'android studio']"
Fresher,Trainee Network Engineer,"['tcp/ip', 'firewalls basics', 'lan/wan', 'ids/ips intro', 'nagios basics']"
Fresher,Trainee Security Analyst,"['python', 'linux commands', 'network security basics', 'nessus', 'gdpr basics']"
Fresher,Trainee UX Designer,"['invision', 'css basics', 'html basics', 'wireframing', 'adobe xd', 'prototyping', 'figma']"
Fresher,Trainee iOS Developer,"['simulator', 'swift', 'cocoa touch', 'xcode', 'rest apis', 'json handling']"
Fresher,UI Designer,"['branding', 'branding basics', 'html', 'ui/ux design basics', 'typography', 'usability basics', 'illustrator', 'photoshop', 'responsive design', 'responsive layouts', 'color theory', 'wireframing', 'adobe xd', 'css', 'prototyping', 'sketch', 'ui basics', 'figma']"
Fresher,UX Apprentice,"['adobe xd', 'prototyping', 'sketch', 'information architecture basics', 'figma']"
Fresher,UX Design Intern,"['wireframes', 'adobe xd', 'prototyping', 'sketch', 'figma']"
Fresher,UX Designer,"['css basics', 'user research', 'html basics', 'typography', 'color theory', 'wireframing', 'adobe xd', 'prototyping', 'sketch', 'figma']"
Fresher,UX Intern,"['usability testing', 'typography', 'color theory', 'adobe xd', 'sketch', 'figma']"
Fresher,UX Trainee Designer,"['user flows', 'typography', 'adobe xd', 'prototyping', 'figma']"
Fresher,Web Developer,"['git', 'python basics', 'mysql basics', 'responsive design', 'html5', 'rest apis', 'php basics', 'ui/ux fundamentals', 'node.js basics', 'vue.js basics', 'json', 'angular basics', 'restful apis', 'css3', 'mongodb basics', 'ajax', 'react basics', 'javascript', 'github basics']"
Fresher,iOS App Developer Intern,"['git', 'uikit', 'swift', 'cocoa touch', 'mvc', 'xcode', 'basic debugging']"
Fresher,iOS Developer Trainee,"['simulator', 'uikit', 'swift', 'cocoa touch', 'xcode']"
Fresher,iOS Junior Developer,"['simulator', 'swift', 'cocoa touch', 'mvc', 'xcode']"
Fresher,iOS Mobile Developer,"['git', 'simulator', 'uikit', 'swift', 'ui/ux design', 'cocoa touch', 'json', 'xcode', 'objective-c', 'rest apis']"
Junior,Vibe Coder,"['teamwork', 'css basics', 'python basics', 'communication', 'ai-assisted code evaluation', 'code evaluation', 'prompt engineering fundamentals', 'prompt engineering basics', 'ruby basics', 'ai coding assistant usage (chatgpt, copilot)', 'prompt creation', 'ai coding assistants', 'critical thinking', 'collaboration', 'html/css basics', 'javascript basics', 'code review basics', 'ai coding assistant usage', 'adaptability', 'debugging ai outputs', 'vue basics', 'prompt crafting basics', 'react basics', 'debugging', 'html basics', 'problem-solving']"
Lead,Vibe Coder,"['python expert', 'debugging ai outputs', 'creativity', 'project leadership', 'cross-functional collaboration', 'ai coding assistant mastery', 'team management', 'strategic planning', 'react/vue expert', 'react/vue frameworks expert', 'prompt engineering expert', 'innovation management', 'javascript expert', 'problem-solving', 'mentoring', 'ruby advanced', 'agile workflow oversight', 'agile oversight']"
Mid-Level,Business Analyst,"['advanced data analysis', 'business process mapping', 'critical thinking', 'stakeholder communication', 'power bi', 'tableau', 'data analysis', 'data storytelling', 'sql', 'agile methodology', 'business process modeling', 'agile project management', 'requirement gathering', 'agile methodologies']"
Mid-Level,Content Writer,"['time management', 'fact-checking and research', 'ai-assisted content creation', 'digital marketing awareness', 'ai-assisted content tools', 'content optimization', 'content strategy development', 'research and fact-checking', 'content strategy planning', 'editing and proofreading', 'advanced writing skills', 'content strategy support', 'advanced writing and editing', 'collaboration and teamwork', 'blog and article writing', 'seo keyword research', 'wordpress or cms proficiency', 'cms tools', 'seo optimization', 'ai content tools', 'collaboration', 'cms proficiency', 'multi-format content creation', 'digital marketing knowledge', 'cms and ai tools', 'multi-format content creation (blogs, social media, video scripts)', 'social media content', 'collaboration with marketing teams', 'digital marketing tools (ga, semrush)', 'analytics basics']"
Mid-Level,Copywriter,"['time management', 'content adaptation for brand voice', 'digital marketing expertise', 'brand voice consistency', 'ai-assisted content creation', 'digital marketing channel familiarity', 'storytelling and creativity', 'advanced copywriting', 'ai-assisted content tools', 'research and fact-checking', 'content research and accuracy', 'editing and proofreading', 'collaboration and communication', 'digital marketing familiarity', 'advanced seo', 'collaboration', 'seo optimization', 'cms proficiency', 'digital marketing knowledge', 'content research', 'seo and keyword optimization', 'cms and ai tools', 'brand voice alignment', 'strategic copywriting', 'digital marketing tools', 'creativity', 'collaboration with marketing teams', 'team collaboration', 'ai-assisted writing tools', 'cms and ai tools proficiency', 'storytelling']"
Mid-Level,Graphic Designer,"['web and mobile design', 'indesign', 'adobe photoshop', 'web design basics', 'typography', 'motion graphics', 'illustrator', 'adobe xd', 'photoshop', 'web design', 'color theory', 'after effects', 'figma']"
Mid-Level,Market Research Analyst,"['predictive modeling', 'predictive analytics', 'python basics', 'python', 'r', 'tableau', 'statistical analysis', 'competitive analysis', 'data storytelling', 'market segmentation', 'survey design', 'presentation skills', 'excel', 'spss', 'excel advanced functions', 'regression', 'regression analysis']"
Mid-Level,Operations Manager,"['workflow automation', 'kpi tracking', 'problem solving', 'process optimization', 'budget management', 'erp systems', 'budget monitoring', 'kpi reporting', 'data analysis', 'process improvement', 'budget oversight', 'resource allocation', 'cross-functional collaboration', 'workflow optimization', 'team management', 'kpi monitoring', 'erp/crm tools', 'resource planning', 'scheduling', 'cross-functional coordination', 'team leadership']"
Mid-Level,SEO Specialist,"['advanced content optimization', 'advanced seo strategy', 'search console', 'local seo optimization', 'technical seo', 'schema markup and structured data', 'privacy-compliant seo', 'privacy-compliant seo (gdpr)', 'content optimization', 'schema markup', 'google analytics ga4', 'seo strategy', 'ai-driven seo tools', 'voice search optimization', 'link building', 'page speed optimization', 'off-page optimization', 'analytics (ga4, looker studio, search console)', 'ai-driven seo insights', 'link building strategy', 'technical seo audits', 'content strategy and seo copywriting', 'site speed optimization', 'local seo', 'analytics (ga4, search console, looker studio)', 'multimodal search optimization', 'content marketing optimization', 'site architecture optimization', 'on-page optimization', 'analytics (ga4, looker studio)', 'local & mobile seo', 'schema markup implementation', 'looker studio', 'on-page and off-page optimization', 'visual search optimization', 'content strategy', 'content marketing', 'link building and backlink analysis', 'ai-powered seo analytics']"
Mid-Level,Sales Executive,"['social selling', 'negotiation', 'sales forecasting', 'time management', 'pipeline management', 'hubspot', 'closing deals', 'salesforce', 'product demos', 'lead generation', 'closing techniques', 'product demonstrations']"
Mid-Level,Technical Writer,"['madcap flare', 'html/css/xml', 'agile documentation', 'proofreading', 'cms', 'ai writing tools', 'editing', 'technical writing', 'adobe framemaker', 'version control']"
Mid-Senior,Data Scientist - Experienced,"['java/scala', 'spark', 'reinforcement learning', 'clustering', 'python (advanced)', 'r', 'deep learning', 'tableau', 'powerbi', 'ensemble methods', 'classification', 'sql', 'etl pipelines', 'nlp', 'hadoop', 'regression']"
Mid-Senior,Machine Learning Engineer - Experienced,"['ml/dl: supervised/unsupervised learning, deep learning, reinforcement learning, nlp, computer vision, transfer learning', 'frameworks: tensorflow, pytorch, keras, scikit-learn (advanced), onnx', 'python (advanced)', 'r', 'sql', 'feature engineering and etl automation', 'java', 'mlops: ci/cd pipelines, model monitoring, cloud deployment (aws/gcp/azure)', 'big data: hadoop, spark']"
Mid-Senior Level,AI Engineer - Experienced,"['kubernetes', 'deep learning', 'r', 'c++', 'pytorch', 'ci/cd', 'llms', 'nlp', 'azure', 'gcp', 'apache spark', 'java', 'aws', 'docker', 'python', 'onnx', 'tensorflow', 'mlops', 'lime', 'computer vision', 'hugging face transformers', 'shap', 'generative ai', 'reinforcement learning', 'model monitoring', 'hadoop', 'scikit-learn']"
Mid-Senior Level,Frontend Developer - Experienced,"['vue.js', 'git', 'javascript (es6+)', 'performance optimization', 'angular', 'unit & e2e testing', 'ci/cd', 'html5', 'css3', 'react/redux']"
Mid-Senior Level,Test Automation Engineer - Experienced,"['testrail', 'selenium', 'jenkins', 'python', 'csharp', 'docker', 'restassured', 'jira', 'cucumber', 'java', 'jmeter', 'appium', 'gitlab ci/cd', 'postman']"
Mid-level,Vibe Coder,"['communication', 'task planning with jira/trello', 'project management basics', 'code evaluation and debugging', 'agile project management', 'python advanced', 'creative problem solving', 'code evaluation', 'ruby basics', 'ai coding assistants', 'critical thinking', 'collaboration', 'vue frameworks', 'prompt optimization', 'react frameworks', 'javascript advanced', 'ai coding assistant usage', 'adaptability', 'prompt engineering', 'debugging ai outputs', 'team collaboration', 'ai coding assistant proficiency', 'debugging ai-generated code', 'debugging', 'problem-solving', 'react/vue frameworks']"
Senior,Data Science Team Lead,"['predictive modeling', 'java/scala', 'feature engineering', 'spark', 'aws', 'reinforcement learning', 'python', 'r', 'etl automation', 'tableau', 'powerbi', 'ensemble methods', 'classification', 'sql', 'nlp', 'hadoop', 'gcp', 'regression']"
Senior,Lead Data Scientist,"['feature engineering', 'spark', 'git', 'r', 'ensemble methods', 'nlp', 'azure', 'jupyter', 'java/scala', 'aws', 'python', 'regression', 'tableau', 'classification', 'sql', 'reinforcement learning', 'etl automation', 'powerbi', 'hadoop']"
Senior,Lead ML/AI Engineer,"['advanced ml/dl: deep learning, reinforcement learning, nlp, computer vision, transfer learning', 'frameworks: tensorflow, pytorch, keras, scikit-learn (advanced), onnx', 'scala', 'python', 'r', 'feature engineering, etl pipelines', 'mlops: ci/cd pipelines, monitoring, cloud deployment (aws/gcp/azure)', 'sql', 'java', 'big data: hadoop, spark']"
Senior,Lead Machine Learning Engineer,"['advanced ml/dl: deep learning, reinforcement learning, nlp, computer vision, transfer learning', 'frameworks: tensorflow, pytorch, keras, scikit-learn (advanced), onnx', 'scala', 'mlops: ci/cd, monitoring, cloud deployment (aws/gcp/azure)', 'python', 'r', 'feature engineering, etl pipelines', 'sql', 'java', 'big data: hadoop, spark']"
Senior,Lead Machine Learning Scientist,"['java/scala', 'feature engineering', 'spark', 'aws', 'reinforcement learning', 'deep learning', 'python', 'r', 'etl automation', 'tableau', 'powerbi', 'ensemble methods', 'sql', 'nlp', 'hadoop', 'azure']"
Senior,Machine Learning Scientist,"['java/scala', 'feature engineering', 'spark', 'aws', 'reinforcement learning', 'python', 'r', 'tableau', 'powerbi', 'classification', 'sql', 'etl pipelines', 'nlp', 'hadoop', 'azure', 'regression']"
Senior,Principal Data Scientist,"['predictive modeling', 'java/scala', 'feature engineering', 'spark', 'aws', 'reinforcement learning', 'deep learning', 'python', 'r', 'etl automation', 'tableau', 'powerbi', 'ensemble methods', 'sql', 'nlp', 'hadoop', 'gcp', 'machine learning']"
Senior,Principal Machine Learning Engineer,"['advanced ml/dl: deep learning, reinforcement learning, nlp, computer vision, transfer learning', 'frameworks: tensorflow, pytorch, keras, scikit-learn (advanced), onnx', 'scala', 'python', 'r', 'feature engineering, etl automation', 'sql', 'java', 'mlops: ci/cd pipelines, model monitoring, cloud deployment (aws/gcp/azure)', 'big data: hadoop, spark']"
Senior,Senior Data Scientist,"['java/scala', 'feature engineering', 'spark', 'git', 'deep learning', 'python', 'r', 'tableau', 'powerbi', 'time-series modeling', 'ensemble methods', 'sql', 'aws emr', 'etl pipelines', 'nlp', 'hadoop', 'jupyter']"
Senior,Senior ML Infrastructure Engineer,"['scala', 'frameworks: tensorflow, pytorch, keras, scikit-learn (advanced)', 'python', 'r', 'feature engineering, etl automation', 'ml/dl: deep learning, reinforcement learning, nlp, computer vision, transfer learning', 'sql', 'big data: spark, hadoop', 'java', 'mlops: ci/cd, model monitoring, cloud deployment (aws/gcp/azure)']"
Senior,Senior Machine Learning Engineer,"['feature engineering', 'spark', 'python (advanced)', 'r', 'ensemble methods', 'nlp', 'gcp', 'java', 'advanced ml/dl: deep learning, nlp, reinforcement learning, computer vision, transfer learning', 'java/scala', 'aws', 'scala', 'frameworks: tensorflow, pytorch, keras, scikit-learn (advanced)', 'python', 'mlops: ci/cd pipelines, model monitoring, cloud deployment (aws/gcp/azure)', 'regression', 'tableau', 'classification', 'sql', 'big data: spark, hadoop', 'reinforcement learning', 'etl automation', 'powerbi', 'feature engineering, etl automation', 'hadoop']"
Senior,Vibe Coder,"['project management agile', 'communication', 'code evaluation and debugging advanced', 'mentoring', 'ai coding assistant mastery', 'agile workflow management', 'ruby basics', 'prompt engineering expert', 'agile', 'python expert', 'collaboration', 'debugging ai outputs', 'creativity', 'project leadership', 'debugging ai-generated code', 'react/vue frameworks advanced', 'javascript expert', 'problem-solving', 'prompt engineering advanced']"
Senior-Level,AI Engineer - Experienced,"['spark', 'kubernetes', 'deep learning', 'r', 'c++', 'pytorch', 'keras', 'ci/cd', 'llms', 'nlp', 'azure', 'gcp', 'java', 'aws', 'docker', 'python', 'onnx', 'hugging face', 'tensorflow', 'mlops', 'lime', 'computer vision', 'hugging face transformers', 'shap', 'generative ai', 'reinforcement learning', 'model monitoring', 'hadoop', 'scikit-learn']"
Senior-Level,BI Analyst - Experienced,"['advanced tableau', 'looker', 'complex sql queries', 'advanced bi modeling', 'qlikview', 'data modeling', 'advanced analytics', 'predictive analytics', 'etl pipelines', 'snowflake', 'etl pipeline management', 'kpi definition', 'sql & database management', 'kpi and performance metrics development', 'sql optimization', 'tableau', 'sql', 'data governance', 'kpi monitoring', 'etl pipeline design', 'kpi development', 'predictive modeling', 'redshift', 'kpi strategy', 'power bi', 'sql queries', 'forecasting', 'data integration']"
Senior-Level,Cloud Engineer - Experienced,"['terraform', 'gitlab ci', 'kubernetes', 'jenkins', 'ci/cd', 'cloud security: iam, rbac, encryption, compliance', 'monitoring: cloudwatch, prometheus, elk', 'circleci', 'docker/kubernetes', 'azure advanced', 'azure', 'gcp', 'storage', 'aws', 'python', 'networking: vpc, load balancers, dns, firewall rules', 'ci/cd: jenkins, gitlab ci, circleci', 'helm', 'docker swarm', 'cloud security', 'bash', 'monitoring & logging: cloudwatch, prometheus, elk', 'monitoring/logging: cloudwatch, prometheus, elk', 'aws advanced', 'python/bash/powershell', 'powershell', 'scripting: python, bash, powershell', 'database & storage: sql, nosql, s3, azure blob storage', 'gcp advanced', 'terraform/cloudformation/ansible', 'networking & storage', 'monitoring', 'ansible', 'networking', 'sql, nosql, s3, azure blob', 'cloudformation']"
Senior-Level,Data Analyst - Experienced,"['spark', 'a/b testing', 'looker', 'data engineering', 'r', 'machine learning algorithms', 'data warehousing', 'advanced sql', 'google data studio', 'advanced analytics', 'etl workflows', 'python', 'etl', 'etl pipelines', 'snowflake', 'statistical modeling', 'kafka', 'tableau', 'sql', 'time-series forecasting', 'time-series analysis', 'hypothesis testing', 'predictive modeling', 'redshift', 'power bi', 'sas', 'hadoop', 'bigquery', 'machine learning']"
Senior-Level,Frontend Developer - Experienced,"['vue.js', 'testing automation', 'git', 'javascript (es6+)', 'html', 'performance optimization', 'angular', 'unit/integration/e2e testing', 'unit & e2e testing', 'javascript', 'ci/cd', 'performance tuning', 'advanced react', 'lazy loading', 'react/redux', 'css', 'advanced react (hooks, redux)']"
Senior-Level,QA Engineer - Experienced,"['ci/cd integration: jenkins, gitlab ci/cd, bamboo', 'performance testing: jmeter', 'programming: java, python, c#, javascript', 'performance & security testing: loadrunner', 'test documentation & reporting', 'bug tracking & documentation: jira, bugzilla, testrail', 'api testing: postman, soapui', 'bug tracking & documentation: jira, testrail, alm', 'performance & security testing: jmeter, loadrunner', 'automation: selenium, appium, cucumber, testng', 'bug tracking: jira, bugzilla', 'bug tracking & documentation: jira, testrail', 'performance testing: load, stress testing', 'api & mobile testing: postman, soapui, appium', 'ci/cd: jenkins, gitlab ci/cd, bamboo', 'test automation: selenium, appium, cucumber, junit, testng', 'ci/cd: jenkins, gitlab ci/cd', 'api testing: postman, soapui, appium', 'performance & security testing: load, stress, security testing', 'test automation: selenium, appium, cucumber, testng', 'performance & security testing: load, stress, vulnerability testing', 'bug & test management: jira, bugzilla, quality center', 'automation: selenium, appium, cucumber, junit, testng']"
Senior-Level,Test Automation Engineer - Experienced,"['testrail', 'selenium', 'loadrunner', 'jenkins', 'python', 'csharp', 'restassured', 'docker', 'gitlab', 'jira', 'cucumber', 'alm', 'java', 'jmeter', 'appium', 'gitlab ci/cd', 'postman', 'testng']"
