Title,Role_Skills
.NET Developer,"['.net core basics', 'git', 'design patterns', 'html', 'kubernetes', 'csharp', 'vb.net basics', 'ci/cd', 'entity framework', 'solid principles', 'mvc', 'azure devops', 'azure', '.net core fundamentals', 'rest apis', 'asp.net core', 'asp.net basics', 'moq', 'docker', 'f#', 'angular', 'grpc', 'unit testing basics', 'aspnet', 'testing with xunit', 'dotnet', 'linq', 'nunit basics', 'sql server', 'razor', 'dapper', 'vb.net', 'blazor', 'javascript basics', '.net framework', 'webapi', 'visual studio', 'testing with nunit', 'microservices', 'nosql', '.net framework basics', 'entity framework basics', 'css', 'signalr']"
AI Engineer - Experienced,"['kubernetes', 'spark', 'deep learning', 'r', 'c++', 'pytorch', 'keras', 'ci/cd', 'llms', 'nlp', 'azure', 'gcp', 'apache spark', 'java', 'aws', 'docker', 'python', 'onnx', 'hugging face', 'tensorflow', 'mlops', 'lime', 'computer vision', 'hugging face transformers', 'shap', 'generative ai', 'reinforcement learning', 'model monitoring', 'hadoop', 'scikit-learn']"
AI Engineer - Fresher,"['c++', 'r', 'pytorch', 'keras', 'nltk', 'java', 'clustering', 'python', 'pandas', 'supervised/unsupervised learning', 'regression', 'numpy', 'tensorflow', 'neural networks', 'opencv', 'classification', 'sql', 'mongodb', 'nosql', 'scikit-learn']"
AI Prompt Engineer,"['intro nlp', 'openai gpt models exposure', 'teamwork', 'leadership', 'python basics', 'communication', 'pytorch', 'nlp basics', 'iterative prompt optimization', 'nlp introduction', 'prompt writing', 'openai gpt basics', 'python advanced', 'api integration (openai/azure)', 'introductory nlp', 'chain-of-thought prompts', 'machine learning for prompt tuning', 'deep nlp expertise', 'machine learning analysis', 'tensorflow basics', 'data visualization', 'python', 'hugging face', 'openai gpt intro', 'nltk basics', 'data analysis', 'chain-of-thought prompting', 'prompt optimization techniques', 'openai api', 'azure cognitive services', 'openai gpt models intro', 'iterative prompt design', 'pytorch basics', 'critical thinking', 'advanced python', 'tensorflow', 'collaboration', 'advanced prompt design (chain-of-thought, iterative optimization)', 'prompt chain-of-thought', 'hugging face basics', 'gpt models intro', 'hugging face transformers', 'javascript basics', 'spacy basics', 'nlp frameworks', 'intro to nlp', 'javascript advanced', 'llm tuning', 'creativity', 'hugging face transformers basics', 'openai gpt model basics', 'data analytics', 'javascript', 'advanced nlp', 'nlp techniques', 'prompt iterative optimization', 'prompt design optimization', 'problem-solving', 'prompt writing fundamentals', 'gpt model exposure']"
AR/VR Developer,"['unreal engine basics', 'teamwork', 'vuforia', 'communication', 'python basics', 'leadership', 'c++, c# expert', 'gesture/motion tracking', 'arcore basics', 'arkit advanced', 'arcore advanced', 'ui/ux fundamentals', 'project management', 'cross-platform optimization', 'project coordination', 'performance optimization', 'ui/ux design expert', 'advanced 3d modeling/animation', 'motion tracking basics', '3d modeling basics', 'advanced 3d modeling and animation', 'cross-platform deployment', 'performance tuning', 'c# basics', 'blender basics', 'ui/ux design advanced', '3d modeling/animation advanced', 'arkit, arcore, vuforia', '3d modeling/animation expert', '3d modeling and graphics', 'c++ advanced', 'c++, c# advanced', 'unreal engine advanced', 'cross-platform development', 'ui/ux expert', 'collaboration', 'team management', '3d modeling and animation expert', 'spatial computing', 'advanced 3d graphics', 'spatial computing basics', 'maya basics', 'c++ basics', 'unity basics', 'javascript basics', 'gesture and motion tracking', 'arkit basics', 'blender/maya basics', 'javascript advanced', 'unity, unreal engine expert', 'creativity', 'ui/ux advanced', 'team collaboration', 'c# advanced', '3d modeling fundamentals', 'unity, unreal engine advanced', 'machine learning basics', 'problem-solving', 'hardware integration', 'unity advanced']"
Android App Developer Trainee,"['ui/ux basics', 'sqlite', 'git', 'kotlin', 'mvc', 'java', 'android studio', 'rest apis']"
Android Architect,"['unit testing', 'kotlin', 'performance optimization', 'dagger', 'room', 'jetpack', 'ci/cd', 'clean architecture', 'firebase', 'java', 'android studio', 'mvvm']"
Android Developer,"['unit testing', 'git', 'kotlin', 'room', 'jetpack', 'rest apis', 'firebase', 'java', 'android studio', 'mvvm']"
Android Developer Intern,"['ui/ux basics', 'xml', 'sqlite', 'kotlin', 'git', 'mvc', 'java', 'rest api', 'android studio', 'rest apis']"
Android Developer Trainee,"['ui/ux basics', 'xml', 'sqlite', 'kotlin', 'git', 'java', 'rest api', 'android studio']"
Android Development Intern,"['ui/ux basics', 'xml', 'sqlite', 'kotlin', 'git', 'java', 'rest api', 'android studio']"
Android Solutions Architect,"['unit testing', 'kotlin', 'performance optimization', 'dagger', 'room', 'jetpack', 'ci/cd', 'clean architecture', 'firebase', 'java', 'android studio', 'mvvm']"
Android Solutions Engineer,"['unit testing', 'kotlin', 'room', 'jetpack', 'rest apis', 'clean architecture', 'ci/cd', 'firebase', 'java', 'android studio', 'mvvm']"
Android Tech Lead,"['unit testing', 'kotlin', 'dagger', 'room', 'jetpack', 'ci/cd', 'clean architecture', 'firebase', 'java', 'android studio', 'mvvm']"
Associate Android Developer,"['xml', 'sqlite', 'kotlin', 'git', 'ui/ux design', 'java', 'rest api', 'android studio']"
Associate Cloud Architect,"['cloud database basics', 'aws basics', 'docker', 'azure basics', 'linux administration']"
Associate Cybersecurity Analyst,"['wireshark', 'linux security', 'firewall basics', 'incident response', 'gdpr basics']"
Associate Network Engineer,"['python basics', 'bash basics', 'dhcp', 'dns', 'cisco ios', 'subnetting']"
Associate System Engineer,"['tcp/ip', 'perl basics', 'vmware', 'linux administration basics', 'cloud concepts']"
Associate UX Designer,"['team collaboration', 'typography', 'user research basics', 'wireframes', 'adobe xd', 'prototyping', 'sketch', 'figma']"
Associate iOS Engineer,"['git', 'swift', 'json', 'objective-c', 'rest apis']"
BI Analyst - Experienced,"['advanced tableau', 'looker', 'complex sql queries', 'advanced bi modeling', 'qlikview', 'data modeling', 'advanced analytics', 'predictive analytics', 'etl pipelines', 'snowflake', 'etl pipeline management', 'kpi definition', 'sql & database management', 'kpi and performance metrics development', 'sql optimization', 'tableau', 'sql', 'data governance', 'kpi monitoring', 'etl pipeline design', 'kpi development', 'predictive modeling', 'redshift', 'kpi strategy', 'power bi', 'sql queries', 'forecasting', 'data integration']"
BI Analyst - Fresher,"['excel visualization', 'basic data analysis', 'mysql/postgresql', 'sql querying', 'mysql basics', 'postgresql basics', 'etl process knowledge', 'kpi knowledge', 'excel charts', 'business process knowledge', 'etl understanding', 'business metrics awareness', 'data analysis', 'kpi understanding', 'basic statistics', 'mysql', 'statistics', 'excel charts and dashboards', 'postgresql', 'etl awareness', 'tableau', 'etl knowledge', 'sql', 'basic statistical analysis', 'excel charts and pivot tables', 'etl process awareness', 'excel dashboards', 'business acumen', 'power bi', 'excel', 'etl process understanding']"
Backend Developer - Entry Level,"['postgresql', 'flask', 'git', 'docker', 'python', 'restful api', 'express.js', 'django', 'redis', 'node.js', 'cloud basics', 'agile', 'ci/cd basics', 'mysql', 'graphql basics', 'java', 'mongodb']"
Backend Developer - Experienced,"['git', 'kubernetes', 'ci/cd', 'django', 'redis', 'azure', 'gcp', 'java', 'hipaa compliance', 'flask', 'aws', 'docker', 'python', 'graphql', 'grpc', 'cloud platforms', 'express.js', 'security', 'mysql', 'agile', 'postgresql', 'mongodb', 'spring boot', 'microservices', 'restful api', 'cloud', 'node.js', 'go']"
Big Data Specialist,"['leadership', 'teamwork', 'python basics', 'hadoop (hdfs, hive, mapreduce)', 'analytical thinking', 'qlikview', 'azure', 'python advanced', 'gcp', 'java', 'curiosity', 'aws big data services', 'mllib basics', 'nosql basics (mongodb, hbase)', 'tensorflow basics', 'apache nifi', 'scala', 'python', 'aws', 'spark basics', 'snowflake', 'nosql basics', 'java advanced', 'kafka', 'tableau', 'collaboration', 'linux/unix basics', 'data governance', 'hadoop ecosystem', 'hadoop ecosystem basics', 'scala basics', 'etl concepts', 'hadoop (hdfs, mapreduce, hive, pig)', 'apache spark basics', 'mllib', 'apache nifi basics', 'java basics', 'spark streaming', 'azure big data services', 'redshift', 'hadoop (hdfs, mapreduce, hive)', 'talend', 'scala advanced', 'flink', 'power bi', 'sql basics', 'gcp big data services', 'hadoop', 'talend basics', 'etl basics', 'bigquery', 'team leadership', 'problem-solving', 'hadoop basics']"
Blockchain Developer,"['rust basics', 'truffle advanced', 'teamwork', 'git', 'python basics', 'communication', 'leadership', 'git basics', 'hyperledger', 'cross-chain solutions', 'smart contract development', 'ethereum', 'cryptography fundamentals', 'smart contract testing', 'python advanced', 'cryptography expert', 'ethereum basics', 'mentoring', 'stakeholder collaboration', 'project management', 'smart contract implementation', 'smart contract security audits', 'gas optimization', 'cross-chain', 'truffle basics', 'innovation management', 'dapps basics', 'dapps fundamentals', 'java advanced', 'ethereum multi-chain', 'mentorship', 'solidity basics', 'smart contract optimization', 'remix ide basics', 'cryptography basics', 'scalable dapps', 'solidity advanced', 'collaboration', 'team management', 'remix ide advanced', 'c++ basics', 'cryptography advanced', 'java basics', 'hyperledger advanced', 'smart contract optimization and security audits', 'adaptability', 'git advanced', 'innovation', 'smart contracts', 'hyperledger fabric', 'smart contract development and testing', 'hyperledger basics', 'corda basics', 'corda', 'cross-chain development', 'cross-chain interoperability', 'team collaboration', 'cryptography', 'innovation strategies', 'smart contracts basics', 'truffle', 'problem-solving', 'ethereum fundamentals', 'remix ide', 'cloud integration']"
Business Analyst,"['ai-enhanced analytics', 'advanced data analysis', 'communication', 'business intelligence', 'basic data analysis', 'stakeholder communication', 'requirement management', 'data storytelling', 'agile methodology', 'agile project management', 'business process modeling', 'advanced sql', 'data analysis basics', 'advanced analytics', 'agile methodologies', 'business process mapping', 'agile fundamentals', 'strategic planning', 'data analysis', 'data interpretation', 'agile methodology awareness', 'research skills', 'ai-powered analytics', 'business process optimization', 'power bi basics', 'critical thinking', 'tableau', 'collaboration', 'sql', 'agile leadership', 'requirement gathering', 'ai-driven analytics', 'research', 'stakeholder engagement', 'stakeholder management', 'requirement documentation', 'power bi', 'team collaboration', 'requirement elicitation', 'sql basics', 'sas', 'tableau basics', 'excel', 'problem-solving', 'documentation']"
Cloud Architect,"['aws fundamentals', 'kubernetes basics', 'python basics', 'azure basics', 'bash scripting', 'gcp basics', 'cloud security fundamentals', 'docker introduction']"
Cloud Automation Engineer,"['terraform', 'aws', 'kubernetes', 'python', 'ansible', 'cloudformation']"
Cloud Cost Optimization Architect,"['terraform', 'aws', 'python', 'cloud cost management', 'azure']"
Cloud DevSecOps Architect,"['terraform', 'aws', 'security integration', 'python', 'ci/cd pipelines', 'ansible', 'azure']"
Cloud Engineer,"['terraform', 'aws', 'kubernetes', 'ci/cd pipelines', 'python scripting', 'cloud security compliance', 'azure']"
Cloud Engineer - Experienced,"['terraform', 'gitlab ci', 'kubernetes', 'jenkins', 'ci/cd', 'cloud security: iam, rbac, encryption, compliance', 'monitoring: cloudwatch, prometheus, elk', 'circleci', 'docker/kubernetes', 'azure advanced', 'azure', 'gcp', 'storage', 'aws', 'python', 'networking: vpc, load balancers, dns, firewall rules', 'ci/cd: jenkins, gitlab ci, circleci', 'helm', 'docker swarm', 'cloud security', 'bash', 'monitoring & logging: cloudwatch, prometheus, elk', 'monitoring/logging: cloudwatch, prometheus, elk', 'aws advanced', 'python/bash/powershell', 'powershell', 'scripting: python, bash, powershell', 'database & storage: sql, nosql, s3, azure blob storage', 'gcp advanced', 'terraform/cloudformation/ansible', 'networking & storage', 'monitoring', 'ansible', 'networking', 'sql, nosql, s3, azure blob', 'cloudformation']"
Cloud Engineer - Fresher,"['shell scripting', 'git', 'jenkins', 'iam basics', 'azure basics', 'gcp basics', 'terraform/cloudformation knowledge', 'cloudwatch', 'docker/kubernetes', 'azure', 'gcp', 'monitoring: cloudwatch, prometheus', 'vpn', 'python/bash scripting', 'git/github/gitlab', 'aws', 'python', 'terraform/cloudformation awareness', 'monitoring: cloudwatch, azure monitor', 'docker basics', 'git/github', 'kubernetes basics', 'bash', 'cloudformation basics', 'aws codepipeline', 'monitoring: cloudwatch, prometheus, azure monitor', 'github actions', 'terraform/cloudformation basics', 'monitoring fundamentals', 'aws basics', 'prometheus', 'vpc', 'docker/kubernetes fundamentals', 'jenkins/github actions', 'terraform basics']"
Cloud Infrastructure Architect,"['terraform', 'hybrid cloud', 'aws', 'python', 'sdn', 'cloud networking', 'azure']"
Cloud Infrastructure Security Architect,"['terraform', 'cloud security', 'compliance', 'aws', 'kubernetes', 'encryption', 'azure', 'iam']"
Cloud Migration Specialist,"['terraform', 'aws', 'python', 'database migration', 'azure', 'gcp', 'cloud migration']"
Cloud Network Engineer,"['vpc', 'automation with ansible', 'aws networking', 'load balancers', 'azure networking']"
Cloud Platform Architect,"['terraform', 'aws', 'kubernetes', 'python', 'ci/cd', 'azure', 'docker swarm']"
Cloud Security Analyst,"['gcp security', 'firewall management', 'siem tools', 'azure security', 'incident response', 'aws security']"
Cloud Security Architect,"['cloud security', 'compliance frameworks', 'aws', 'encryption', 'python scripting', 'azure', 'iam']"
Cloud Solutions Associate,"['docker', 'cloud storage basics', 'linux administration', 'networking fundamentals', 'terraform basics', 'java basics']"
Cloud Trainee,"['bash', 'cloud storage basics', 'python scripting', 'iam fundamentals', 'basic networking']"
Content Writer,"['wordpress basics', 'fact-checking and research', 'ai tools exposure', 'digital marketing tools (google analytics, semrush)', 'basic seo knowledge', 'adaptable tone and style', 'research skills', 'advanced writing and editing', 'ai tool awareness', 'cms tools', 'collaboration', 'tone and style adaptation', 'multi-format content creation', 'analytics and performance measurement', 'writing and grammar', 'digital marketing tools', 'cms and ai tools', 'content formatting', 'collaboration with marketing teams', 'ai writing tool exposure', 'advanced seo and analytics', 'advanced content strategy', 'collaboration with cross-functional teams', 'seo basics', 'collaboration and mentoring', 'cms basics', 'clarity in writing', 'ai-assisted content tools', 'content optimization', 'basic seo', 'communication skills', 'keyword usage', 'editing and fact-checking', 'advanced writing skills', 'cms and ai writing tools', 'seo and keyword research', 'collaboration and teamwork', 'seo optimization', 'collaboration and team management', 'content strategy leadership', 'content research', 'research', 'analytics basics', 'writing clarity and grammar', 'content strategy', 'content marketing', 'performance tracking and kpi analysis', 'digital marketing tools (ga, semrush, hubspot)', 'ai-assisted content creation', 'ai writing tools awareness', 'research and fact-checking', 'fact-checking', 'editing and proofreading', 'content strategy support', 'advanced seo', 'digital marketing tools proficiency', 'wordpress or cms proficiency', 'ai content tools', 'proofreading', 'cms proficiency', 'ai content tools awareness', 'comprehensive content strategy', 'creativity', 'social media content', 'digital marketing tools (ga, semrush)', 'time management', 'adaptation of tone and style', 'ai-assisted content optimization', 'analytics and kpi tracking', 'collaboration with teams', 'kpi tracking', 'brand voice consistency', 'basic writing and grammar', 'digital marketing awareness', 'writing clarity', 'content strategy development', 'project management', 'cms familiarity', 'content strategy planning', 'advanced seo skills', 'project management for content initiatives', 'seo fundamentals', 'digital marketing tools (google analytics, semrush, hubspot)', 'digital marketing basics', 'blog and article writing', 'seo keyword research', 'cross-functional collaboration', 'performance tracking', 'content calendar management', 'ai-assisted writing', 'digital marketing knowledge', 'advanced seo techniques', 'seo and keyword optimization', 'multi-format content creation (blogs, whitepapers, social media, scripts)', 'multi-format content creation (blogs, social media, video scripts)', 'content creation', 'grammar and punctuation', 'seo optimization and backlinking', 'digital marketing tools (ga4, semrush, hubspot)', 'collaboration with marketing and design teams', 'advanced seo and keyword optimization']"
Copywriter,"['communication', 'content editing and proofreading', 'basic seo practices', 'creativity and storytelling', 'cms basics (wordpress, hubspot)', 'basic seo knowledge', 'digital marketing integration', 'adaptable writing style', 'collaboration', 'ai writing tool awareness', 'tone and style adaptation', 'multi-format content creation', 'multi-format copywriting', 'project and performance management', 'cms and ai tools', 'digital marketing tools', 'collaboration with marketing teams', 'familiarity with digital marketing channels', 'cms and ai tools proficiency', 'team leadership and collaboration', 'team leadership', 'advanced seo and analytics', 'leadership', 'digital marketing expertise', 'proofreading and editing', 'seo basics', 'collaboration and leadership', 'ai writing tools', 'ai-assisted content tools', 'basic seo', 'seo optimization', 'performance measurement', 'brand messaging and consistency', 'content research', 'strategic copywriting', 'brand voice alignment', 'team collaboration', 'content strategy', 'ai-assisted writing tools', 'storytelling', 'persuasive writing', 'ai-assisted content creation', 'ai writing tools awareness', 'advanced copywriting', 'research and fact-checking', 'digital marketing channels and tools', 'brand messaging', 'editing and proofreading', 'advanced seo', 'leadership and mentoring', 'ai content tools', 'cms proficiency', 'cms usage', 'creativity', 'time management', 'ai-assisted content optimization', 'content adaptation for brand voice', 'kpi analysis', 'analytics and kpi tracking', 'brand voice consistency', 'seo and analytics expertise', 'digital marketing channel familiarity', 'storytelling and creativity', 'digital marketing strategy', 'project management', 'strategic content planning', 'cms familiarity', 'content research and accuracy', 'collaboration and communication', 'email and social media familiarity', 'digital marketing familiarity', 'persuasive copywriting', 'performance tracking', 'advanced copywriting and editing', 'digital marketing knowledge', 'ai-assisted writing', 'seo and keyword optimization', 'seo optimization and analytics', 'grammar and punctuation mastery', 'brand consistency', 'grammar and punctuation', 'research and accuracy', 'clear and persuasive writing']"
Cyber Defense Analyst,"['threat hunting', 'malware analysis', 'firewall management', 'soc operations', 'siem tools', 'compliance auditing']"
Cybersecurity Analyst,"['wireshark', 'threat hunting', 'qradar', 'splunk', 'bash', 'c++', 'python', 'linux basics', 'cloud security (aws/azure)', 'risk management', 'encryption basics', 'firewall configuration', 'incident response', 'nessus', 'snort']"
Cybersecurity Intern,"['python', 'vulnerability assessment', 'antivirus tools', 'linux fundamentals', 'nist basics', 'snort']"
Cybersecurity Risk Analyst,"['splunk', 'python', 'risk management', 'powershell', 'compliance auditing']"
Cybersecurity Support Analyst,"['wireshark', 'teamwork', 'cryptography basics', 'iso 27001 basics', 'firewall rules']"
Cybersecurity Trainee,"['encryption fundamentals', 'wireshark', 'metasploit', 'linux security', 'c++ basics']"
Data Analyst - Experienced,"['spark', 'a/b testing', 'looker', 'data engineering', 'r', 'machine learning algorithms', 'data warehousing', 'advanced sql', 'google data studio', 'advanced analytics', 'etl workflows', 'python', 'etl', 'etl pipelines', 'snowflake', 'statistical modeling', 'kafka', 'tableau', 'sql', 'time-series forecasting', 'time-series analysis', 'hypothesis testing', 'predictive modeling', 'redshift', 'power bi', 'sas', 'hadoop', 'bigquery', 'machine learning']"
Data Analyst - Fresher,"['r', 'excel charts', 'matplotlib', 'python', 'spark basics', 'basic statistics', 'mysql', 'pandas', 'regression', 'postgresql', 'tableau', 'sql', 'excel functions', 'hypothesis testing', 'power bi', 'sas', 'hadoop', 'excel', 'hadoop basics', 'seaborn']"
Data Analyst / Data Scientist Intern,"['matplotlib', 'python', 'r', 'seaborn', 'sql', 'basic ml: classification, clustering', 'mysql', 'pandas', 'mongodb', 'numpy']"
Data Engineer,"['data modeling basics', 'spark', 'azure basics', 'linux', 'aws beginner', 'databricks', 'analytical thinking', 'data partitioning', 'spark fundamentals', 'apache spark', 'java', 'data modeling', 'aws glue', 'airflow', 'hadoop fundamentals', 'scala', 'python', 'aws s3', 'spark basics', 'snowflake', 'mysql', 'gcp bigquery', 'apache kafka', 'postgresql', 'sql optimization', 'kafka', 'airflow fundamentals', 'sql', 'data governance', 'etl fundamentals', 'scala basics', 'data structures', 'mongodb', 'java basics', 'aws basics', 'azure fundamentals', 'redshift', 'aws redshift', 'aws cloud basics', 'airflow basics', 'flink', 'etl tools introduction', 'aws emr', 'hadoop', 'etl basics', 'aws s3 basics', 'azure synapse', 'bigquery', 'azure data lake', 'hadoop basics']"
Data Science Associate,"['postgresql', 'matplotlib', 'python', 'r', 'seaborn', 'sql', 'basic ml: regression, classification, clustering', 'data preprocessing', 'data cleaning', 'mysql', 'pandas', 'numpy']"
Data Science Intern,"['data wrangling', 'postgresql', 'matplotlib', 'python', 'r', 'seaborn', 'sql', 'data preprocessing', 'mysql', 'pandas', 'basic ml: logistic regression, clustering, decision trees', 'numpy']"
Data Science Team Lead,"['predictive modeling', 'java/scala', 'feature engineering', 'spark', 'aws', 'reinforcement learning', 'python', 'r', 'etl automation', 'tableau', 'powerbi', 'ensemble methods', 'classification', 'sql', 'nlp', 'hadoop', 'gcp', 'regression']"
Data Scientist - Entry Level,"['data wrangling', 'postgresql', 'matplotlib', 'python', 'r', 'seaborn', 'sql', 'basic ml: classification, regression, clustering', 'data preprocessing', 'mysql', 'pandas', 'mongodb', 'numpy']"
Data Scientist - Experienced,"['java/scala', 'spark', 'reinforcement learning', 'clustering', 'python (advanced)', 'r', 'deep learning', 'tableau', 'powerbi', 'ensemble methods', 'classification', 'sql', 'etl pipelines', 'nlp', 'hadoop', 'regression']"
Data Scientist - Fresher,"['postgresql', 'matplotlib', 'python', 'r', 'basic ml algorithms: regression, classification, clustering', 'seaborn', 'sql', 'mysql', 'pandas', 'numpy']"
DevOps Cloud Architect,"['terraform', 'aws', 'kubernetes', 'docker', 'python', 'ci/cd pipelines', 'azure devops']"
DevOps Engineer - Experienced,"['terraform', 'gitlab ci', 'kubernetes', 'jenkins', 'chef', 'circleci', 'azure', 'gcp', 'devsecops', 'linux/unix', 'aws', 'helm', 'docker swarm', 'puppet', 'grafana', 'elk stack', 'microservices', 'ansible', 'prometheus', 'api automation']"
DevOps Engineer - Fresher,"['gcp awareness', 'git', 'kubernetes', 'python basics', 'jenkins', 'azure basics', 'bash basics', 'terraform/ansible awareness', 'gcp basics', 'ci/cd basics', 'azure awareness', 'docker', 'python', 'linux fundamentals', 'terraform awareness', 'python fundamentals', 'bash', 'github/gitlab', 'ansible awareness', 'aws awareness', 'aws basics', 'linux basics']"
Digital Marketing Specialist,"['advanced digital marketing campaigns', 'teamwork', 'ux design integration', 'communication', 'content creation and copywriting', 'basic marketing automation', 'google analytics', 'advanced analytics (google analytics, tableau, mixpanel)', 'cms knowledge', 'brand management', 'sem basics', 'google ads', 'advanced digital marketing strategy', 'budget management', 'content and social media campaigns', 'email marketing basics', 'digital strategy development', 'content and social media marketing', 'marketing analytics (ga, tableau, mixpanel)', 'seo, sem, ppc optimization', 'crm and automation tools (hubspot, marketo, salesforce)', 'seo, sem, ppc campaigns', 'cms tools', 'email marketing automation', 'ux and ui design integration', 'content marketing strategy', 'brand strategy', 'ai-driven marketing', 'seo and sem optimization', 'brand management and ux integration', 'digital campaign strategy', 'multi-channel campaign coordination', 'content marketing and social media strategy', 'team leadership', 'ai-driven personalization', 'ppc campaigns', 'social media marketing basics', 'crm tools (hubspot, salesforce, marketo)', 'multi-channel marketing strategy', 'team leadership and mentorship', 'seo/sem/ppc management', 'emerging marketing technologies', 'brand strategy and ux design', 'seo, sem, ppc', 'communication skills', 'google analytics basics', 'marketing analytics (google analytics, tableau, mixpanel)', 'instagram marketing basics', 'strategic digital marketing planning', 'analytics and reporting (google analytics, tableau, mixpanel)', 'lead generation', 'advanced digital campaigns', 'data-driven decisions', 'brand and ux strategy', 'advanced seo and sem', 'cms tools (wordpress)', 'crm and marketing automation tools', 'ai-driven personalization and marketing automation', 'budget optimization', 'lead generation and crm management', 'instagram, linkedin basics', 'facebook ads manager', 'ai marketing tools', 'brand strategy and ux design integration', 'copywriting', 'team collaboration', 'budget planning and roi optimization', 'content marketing', 'ai-driven marketing and personalization', 'marketing analytics and reporting', 'seo/sem/ppc campaign management', 'emerging marketing technologies (ai-driven personalization)', 'email marketing tools (mailchimp, hubspot) basics', 'cms (wordpress)', 'budget management and roi tracking', 'cross-channel campaign management', 'crm tools (hubspot, marketo, salesforce)', 'analytics and reporting', 'ppc campaign optimization', 'blogging', 'data-driven campaign strategies', 'marketing analytics (tableau, mixpanel, ga)', 'digital advertising basics', 'facebook ads manager basics', 'analytics and reporting (ga, tableau, mixpanel)', 'team management', 'google ads basics', 'advanced digital marketing strategies', 'ai-powered marketing solutions', 'data-driven campaign optimization', 'email marketing (mailchimp, hubspot basics)', 'ux integration', 'creativity', 'ai-driven marketing solutions', 'budget and roi optimization', 'content creation and social media marketing', 'cross-channel campaign coordination', 'blogging and copywriting', 'ux/ui integration', 'data-driven decision making', 'cms (wordpress) basics', 'multi-channel campaign management', 'data-driven marketing decisions', 'team leadership and mentoring', 'social media campaigns', 'lead generation and nurturing', 'digital marketing strategy', 'ppc campaigns management', 'crm tools (hubspot, salesforce)', 'conversion rate optimization', 'data-driven optimization', 'budget planning', 'marketing automation tools (hubspot, marketo, salesforce)', 'email automation', 'seo fundamentals', 'linkedin marketing basics', 'multi-channel campaign integration', 'data-driven marketing', 'email automation and personalization', 'ai-driven marketing strategies', 'budget and roi management', 'seo/sem/ppc optimization', 'brand strategy and ux integration', 'lead generation and crm integration', 'analytics (ga, tableau, mixpanel)', 'seo/sem fundamentals', 'content creation', 'seo and sem fundamentals', 'adaptability', 'ai-powered marketing tools', 'lead generation and crm tools', 'budget management and roi optimization', 'email automation tools (hubspot, marketo)', 'email marketing tools basics', 'data-driven strategy implementation', 'instagram and linkedin marketing basics', 'social media marketing', 'google ads and facebook ads basics']"
Enterprise Cloud Architect,"['terraform', 'cloud strategy', 'multi-cloud architecture', 'leadership', 'kubernetes', 'serverless computing']"
Enterprise Network Engineer,"['eigrp', 'mpls', 'cisco asa', 'f5 load balancer', 'qos']"
Entry Level Data Scientist,"['data wrangling', 'postgresql', 'matplotlib', 'python', 'r', 'seaborn', 'sql', 'basic ml: classification, regression, clustering', 'data cleaning', 'mysql', 'pandas', 'mongodb', 'numpy']"
Entry-Level ML Engineer,"['feature engineering', 'ml basics: classification, regression, clustering, decision trees', 'git/github', 'ml libraries: scikit-learn, tensorflow, pytorch', 'python', 'r', 'visualization: matplotlib, seaborn', 'data preprocessing', 'java', 'statistics: probability, linear algebra']"
Entry-Level Network Analyst,"['wireshark', 'tcp/ip', 'dns', 'nagios', 'subnetting']"
Entry-Level Security Analyst,"['c++', 'metasploit', 'risk assessment basics', 'windows security', 'snort']"
Entry-level Android Developer,"['xml', 'sqlite', 'kotlin', 'git', 'material design', 'java', 'rest api', 'android studio']"
Entry-level iOS Developer,"['ui/ux basics', 'simulator', 'swift', 'cocoa touch', 'xcode', 'objective-c']"
Ethical Hacker,"['teamwork', 'communication', 'linux (kali, parrot) expert', 'compliance awareness', 'cryptography and ssl/tls', 'basic cryptography knowledge', 'linux (kali/parrot os) basics', 'advanced python, c/c++, javascript', 'expert network and web security', 'advanced networking', 'familiarity with nmap, sqlmap', 'vulnerability assessment', 'risk assessment', 'windows security and active directory', 'networking fundamentals', 'ethical compliance', 'ethical awareness', 'linux and windows os expert', 'bash, powershell', 'windows security expert', 'compliance (nist, iso)', 'linux and windows os basics', 'compliance frameworks', 'problem-solving', 'metasploit, burp suite, nmap, wireshark, sqlmap', 'leadership', 'penetration testing', 'python, c/c++, javascript advanced', 'penetration testing fundamentals', 'metasploit, burp suite, nmap, sqlmap', 'security frameworks (nist, iso)', 'web app security', 'windows security and ad', 'linux (kali linux/parrot os) basics', 'web app security testing', 'network penetration testing', 'ethical mindset', 'compliance and risk assessment', 'metasploit, burp suite, nmap, sqlmap, wireshark', 'linux/windows os expert', 'metasploit, nmap, burp suite, sqlmap', 'familiarity with metasploit, wireshark', 'linux and windows expert', 'python, c/c++, javascript', 'linux (kali/parrot) advanced', 'linux/windows os fundamentals', 'linux and windows security expert', 'analytical skills', 'bash scripting basics', 'web application security', 'cryptography, ssl/tls', 'expert network security', 'network and application security expert', 'metasploit, burp suite, nmap, wireshark', 'basic cryptography understanding', 'web application and network security', 'linux/windows expert', 'reverse engineering', 'basic vulnerability assessment', 'network and web security expert', 'cryptography', 'web application security basics', 'web security testing', 'network and web security', 'python basics', 'bash scripting', 'malware analysis and reverse engineering', 'analytical thinking', 'vulnerability scanning basics', 'cryptography fundamentals', 'network and application security', 'linux expert', 'networking basics', 'advanced python, c/c++', 'project management', 'familiarity with nmap and wireshark', 'vulnerability assessment basics', 'web app security basics', 'network security expert', 'metasploit, nmap, burp suite, sqlmap, wireshark', 'introduction to penetration testing', 'windows security basics', 'familiarity with metasploit and burp suite', 'penetration testing and vulnerability assessment', 'introductory penetration testing', 'linux and windows security', 'malware analysis', 'vulnerability scanning', 'basic knowledge of nmap, burp suite', 'advanced network security', 'bash, powershell scripting']"
Fintech Engineer,"['teamwork', 'communication', 'predictive modeling and automation', 'cybersecurity', 'financial analysis', 'api architecture and microservices', 'collaboration', 'javascript basics', 'financial modeling and forecasting', 'javascript advanced', 'machine learning predictive analytics', 'project leadership', 'cybersecurity and compliance', 'smart contracts', 'financial products understanding', 'sql basics', 'team leadership', 'blockchain and smart contracts', 'problem-solving', 'leadership', 'sql advanced', 'financial data analysis', 'azure basics', 'cybersecurity fundamentals', 'financial analysis and modeling', 'devops in fintech', 'smart contract development', 'cloud basics (aws/azure)', 'blockchain & smart contracts', 'financial knowledge basics', 'introductory data science', 'api integration basics', 'blockchain development', 'machine learning and ai analytics', 'financial modeling', 'quantitative modeling', 'devops', 'cybersecurity awareness', 'api and microservices architecture', 'api integration fundamentals', 'cross-functional team collaboration', 'stakeholder management', 'innovation', 'agility', 'introductory ml', 'cybersecurity basics', 'api & microservices architecture', 'sql fundamentals', 'devops automation', 'cybersecurity expertise', 'stakeholder collaboration', 'strategic planning', 'aws & azure cloud', 'innovation management', 'blockchain implementation', 'api design', 'financial modeling and analysis', 'cloud platforms aws/azure', 'team management', 'cloud computing aws/azure', 'microservices design', 'cloud platforms (aws, azure)', 'smart contracts development', 'introductory machine learning', 'aws basics', 'machine learning basics', 'python basics', 'machine learning predictive modeling', 'api design and microservices', 'blockchain and dlt', 'api architecture', 'cloud computing (aws, azure)', 'data analysis basics', 'smart contracts implementation', 'python advanced', 'financial domain knowledge', 'project management', 'intro to ml', 'financial products knowledge', 'aws/azure basics', 'api & microservices design', 'cross-functional collaboration', 'intro to machine learning', 'blockchain basics', 'devops practices', 'ml analytics', 'machine learning for analytics', 'blockchain fundamentals', 'adaptability', 'cybersecurity compliance', 'innovation strategies', 'microservices architecture']"
Fresher Data Scientist,"['matplotlib', 'python', 'r', 'seaborn', 'sql', 'basic ml: classification, regression, clustering', 'mysql', 'pandas', 'mongodb', 'numpy']"
Fresher ML Engineer,"['feature engineering', 'git/github', 'data visualization: matplotlib, seaborn', 'python', 'r', 'ml frameworks: scikit-learn, tensorflow, pytorch, keras', 'data preprocessing', 'statistics: probability, linear algebra', 'java', 'ml fundamentals: regression, classification, clustering, decision trees']"
Frontend Developer - Entry Level,"['vue.js', 'git', 'html5', 'html', 'browser developer tools', 'javascript (es6+)', 'angular basics', 'vue.js basics', 'react basics', 'javascript', 'tailwind css', 'bootstrap', 'css3', 'css', 'react']"
Frontend Developer - Experienced,"['git', 'html', 'unit/integration/e2e testing', 'unit & e2e testing', 'ci/cd', 'html5', 'react/redux', 'advanced react (hooks, redux)', 'vue.js', 'javascript (es6+)', 'performance optimization', 'angular', 'performance tuning', 'advanced react', 'testing automation', 'css3', 'javascript', 'lazy loading', 'css']"
Full Stack Developer - Entry Level,"['git', 'html', 'django', 'django/flask', 'html5', 'react', 'vue.js', 'flask', 'javascript (es6+)', 'angular', 'mysql', 'postgresql', 'sql', 'css3', 'mongodb', 'nosql', 'javascript', 'node.js', 'css', 'python (django/flask)']"
Full Stack Developer - Experienced,"['git', 'kubernetes', 'html', 'typescript', 'ci/cd', 'django', 'html5', 'react', 'vue.js', 'flask', 'javascript (es6+)', 'docker', 'angular', 'cloud platforms', 'serverless', 'redux', 'restful api design', 'mysql', 'agile', 'postgresql', 'sql', 'restful apis', 'css3', 'mongodb', 'nosql', 'microservices', 'javascript', 'node.js', 'web security', 'css']"
Game Developer,"['unreal engine basics', 'teamwork', 'leadership', 'python basics', 'communication', 'advanced ai and gameplay systems', 'git basics', 'debugging basics', 'unreal engine expert', 'gameplay systems and ai', 'physics simulation', 'python advanced', 'performance profiling', 'c# expert', 'multiplayer networking', 'project management', 'ai and gameplay systems', 'directx basics', 'opengl basics', 'performance optimization', 'shader programming', 'animation basics', 'cross-platform deployment', 'gameplay systems development', 'c# basics', 'ai programming', 'game mechanics basics', 'java advanced', 'advanced ai/gameplay systems', 'game mechanics fundamentals', 'advanced gameplay and ai systems', 'advanced gameplay and ai', 'c++ advanced', 'mobile/console platform awareness', 'ai/gameplay systems', 'animation fundamentals', 'physics and collision handling', 'cross-platform development', 'physics and animation basics', 'physics and collision systems', 'advanced ai and gameplay', 'physics', 'mobile game awareness', 'mobile/console development basics', 'c++ basics', 'unity basics', 'java basics', 'c++ expert', 'unity expert', 'adaptability', 'physics basics', 'godot basics', 'creativity', 'advanced gameplay systems', 'testing/debugging', 'debugging and profiling', 'graphics optimization', 'team collaboration', 'c# advanced', 'physics and collision basics', 'directx/opengl basics', 'shader programming hlsl/glsl', 'testing and debugging', 'graphics and performance optimization', 'gameplay systems', 'testing frameworks']"
Graduate Network Engineer,"['switching', 'lan/wan', 'python scripting basics', 'basic routing']"
Graduate Security Analyst,"['python basics', 'nist basics', 'antivirus', 'snort', 'windows/linux basics']"
Graduate iOS Developer,"['git', 'uikit', 'swift', 'cocoa touch', 'mvc', 'xcode']"
Graphic Designer,"['basic html/css', 'time management', 'web and mobile design', 'communication', 'indesign', 'web design basics', 'adobe illustrator', 'advanced photoshop', 'advanced adobe photoshop', 'motion graphics', 'illustrator', 'basic figma', '3d design', 'figma', 'adobe photoshop', 'after effects', '3d design basics', 'adobe indesign', 'web design', 'photoshop', 'ar/vr design', 'adaptability', 'creativity', 'typography', 'figma basics', 'color theory', 'adobe xd']"
Hybrid Cloud Architect,"['terraform', 'aws', 'hybrid cloud design', 'python', 'networking', 'azure']"
IT Support - Networking Focus,"['network troubleshooting', 'lan/wan', 'dns', 'tcp/ip']"
Information Security Analyst - Fresher,"['python', 'firewall basics', 'nessus', 'gdpr basics', 'snort']"
Information Security Specialist,"['threat intelligence', 'vulnerability management', 'qradar', 'splunk', 'python', 'incident response']"
Infrastructure Network Engineer,"['lan/wan design', 'python automation', 'qos', 'nagios', 'cisco prime']"
IoT Engineer,"['teamwork', 'communication', 'c advanced', 'lora basics', 'embedded firmware understanding', 'agile awareness', 'data pipelines and analytics', 'sensor and actuator integration', 'c, c++ expert', 'machine learning integration', 'iot architecture and design', 'ipv6 basics', 'power bi basics', 'project execution', 'ci/cd pipelines', 'network optimization', 'sensor fusion and actuator control', 'azure iot basics', 'advanced sensor integration', 'data analytics', 'c, c++ advanced', 'advanced c programming', 'problem-solving', 'machine learning', 'embedded firmware', 'leadership', 'network security', 'actuator integration', 'ci/cd', 'c basics', 'mqtt basics', 'embedded firmware development', 'agile methodology awareness', 'embedded firmware design', 'advanced c, c++', 'embedded firmware optimization', 'tcp/ip basics', 'project strategy', 'c++ advanced', 'cloud platforms (aws, azure, gcp)', 'zigbee basics', 'real-time analytics', 'gcp iot advanced', 'real-time analytics and ml', 'mqtt, coap, lorawan, nb-iot', 'sensor fusion and actuator integration', 'team collaboration', 'zigbee', 'embedded systems development', 'azure iot advanced', 'real-time data analytics', 'embedded systems design', 'google cloud iot basics', 'cross-team collaboration', 'edge computing', 'strategic planning', 'team management', 'coap basics', 'cloud platforms aws/azure/gcp', 'tcp/ip, ipv6', 'c++ basics', 'iot architecture', 'java basics', 'iot system architecture', 'iot architecture and deployment', 'mqtt', 'aws iot basics', 'real-time analytics and ml integration', 'python, java', 'tableau basics', 'coap', 'cloud iot basics', 'bluetooth', 'python basics', 'bluetooth and zigbee protocols', 'python advanced', 'project management', 'sensor integration and actuator management', 'ci/cd automation', 'embedded firmware and hardware interfacing', 'java advanced', 'cross-functional collaboration', 'sensor integration', 'iot architecture design', 'network security and optimization', 'aws iot advanced', 'aws, azure, gcp iot']"
Java Developer,"['leadership', 'git', 'kubernetes', 'html', 'jenkins', 'inheritance', 'sql (mysql/postgresql)', 'ci/cd', 'problem solving', 'collections framework', 'encapsulation', 'spring framework basics', 'testng basics', 'advanced sql', 'jvm internals', 'mentoring', 'junit', 'rest apis', 'networking basics', 'testng', 'angular/react', 'mockito', 'hibernate', 'database management', 'performance optimization', 'docker', 'java collections', 'junit basics', 'spring basics', 'java apis', 'polymorphism', 'exception handling', 'servlets', 'performance tuning', 'version control (git/svn)', 'concurrency basics', 'basic rest api knowledge', 'database tuning', 'agile', 'oop', 'java i/o', 'kafka', 'advanced java', 'sql', 'jsp', 'file handling', 'system design', 'restful apis', 'soap apis', 'javascript basics', 'database basics', 'version control (git)', 'mongodb', 'gradle', 'cassandra', 'spring boot', 'jdbc', 'selenium', 'sql queries', 'microservices', 'multithreading basics', 'core java', 'javascript', 'html/css', 'sql basics', 'team collaboration', 'jpa', 'hibernate basics', 'nosql', 'debugging', 'concurrency', 'css', 'maven']"
JavaScript Developer,"['leadership', 'teamwork', 'git', 'communication', 'typescript', 'testing frameworks: jest, mocha, cypress', 'git basics', 'ci/cd', 'responsive design', 'ci/cd basics', 'html5', 'cross-team collaboration', 'core javascript es6+', 'rest apis', 'react', 'vue.js', 'project management', 'performance optimization', 'docker', 'rest api knowledge', 'docker, ci/cd', 'vue.js basics', 'angular', 'graphql', 'webpack, babel, npm, yarn', 'express.js', 'performance tuning', 'rest api, graphql', 'json', 'docker basics', 'npm, yarn', 'rest api/graphql', 'jest, cypress, mocha', 'webpack, babel', 'jest, cypress', 'css3 basics', 'testing frameworks (jest, mocha, cypress)', 'redux, vuex', 'ajax/json', 'rest apis, graphql', 'angular basics', 'ci/cd pipelines', 'web performance optimization', 'testing frameworks (jest, cypress, mocha)', 'javascript es6+', 'team management', 'redux/vuex', 'html5 basics', 'css3', 'jest, mocha, cypress', 'javascript advanced', 'adaptability', 'ajax', 'advanced javascript', 'react basics', 'rest api basics', 'team collaboration', 'rest api integration', 'react, angular, vue.js', 'advanced performance optimization', 'node.js', 'javascript expert', 'problem-solving', 'rest api development', 'async programming']"
Junior Android Developer,"['xml', 'git', 'kotlin', 'sqlite', 'ui/ux design', 'java', 'rest api', 'android studio']"
Junior Android Engineer,"['ui/ux basics', 'xml', 'sqlite', 'kotlin', 'git', 'java', 'android studio', 'rest apis']"
Junior Cloud Engineer,"['ci/cd introduction', 'kubernetes fundamentals', 'python scripting', 'cloud networking', 'docker basics']"
Junior Data Scientist,"['postgresql', 'matplotlib', 'python', 'r', 'basic ml: logistic regression, decision trees, k-means', 'seaborn', 'sql', 'excel', 'mysql', 'pandas', 'numpy']"
Junior Interaction Designer,"['prototyping basics', 'typography', 'user research fundamentals', 'adobe xd', 'sketch', 'figma']"
Junior Machine Learning Engineer,"['feature engineering', 'git/github', 'data visualization: matplotlib, seaborn', 'matplotlib', 'ml fundamentals: regression, classification, clustering, decision trees', 'python', 'r', 'ml frameworks: scikit-learn, tensorflow, pytorch, keras', 'seaborn', 'sql', 'basic ml models: decision trees, k-means, logistic regression', 'data preprocessing', 'mysql', 'statistics: probability, linear algebra', 'pandas', 'java', 'mongodb', 'numpy']"
Junior Network Engineer,"['wireshark', 'tcp/ip', 'dhcp', 'lan/wan', 'dns', 'cisco routers', 'cisco switches', 'subnetting']"
Junior Security & Network Engineer,"['wireshark', 'firewall basics', 'ids/ips intro', 'vpn', 'cisco routers']"
Junior Security Analyst,"['wireshark', 'metasploit', 'team collaboration', 'windows security', 'iso 27001 basics', 'cryptography fundamentals', 'javascript basics']"
Junior Swift Developer,"['git', 'swift', 'ui/ux guidelines', 'xcode', 'objective-c basics']"
Junior System Engineer,"['aws fundamentals', 'tcp/ip', 'windows server basics', 'bash scripting', 'python', 'linux basics', 'virtualbox', 'vmware']"
Junior UX Analyst,"['invision', 'user research basics', 'wireframes', 'prototyping', 'figma']"
Junior UX Designer,"['invision', 'layout design', 'figma', 'color theory', 'wireframing', 'adobe xd', 'basic usability testing', 'information architecture']"
Junior iOS Developer,"['git', 'interface builder', 'swift', 'cocoa touch', 'objective-c', 'rest apis', 'json handling']"
Lead Android Engineer,"['kotlin', 'performance optimization', 'dagger', 'room', 'jetpack', 'ci/cd', 'clean architecture', 'firebase', 'java', 'android studio', 'mvvm']"
Lead Cloud Solutions Architect,"['terraform', 'stakeholder management', 'serverless architecture', 'python', 'multi-cloud strategy', 'microservices design', 'cloud cost optimization']"
Lead Cybersecurity Analyst,"['threat hunting', 'compliance', 'cloud security', 'splunk', 'risk management', 'team leadership']"
Lead Data Scientist,"['feature engineering', 'spark', 'git', 'r', 'ensemble methods', 'nlp', 'azure', 'jupyter', 'java/scala', 'aws', 'python', 'regression', 'tableau', 'classification', 'sql', 'reinforcement learning', 'etl automation', 'powerbi', 'hadoop']"
Lead ML/AI Engineer,"['advanced ml/dl: deep learning, reinforcement learning, nlp, computer vision, transfer learning', 'frameworks: tensorflow, pytorch, keras, scikit-learn (advanced), onnx', 'scala', 'python', 'r', 'feature engineering, etl pipelines', 'mlops: ci/cd pipelines, monitoring, cloud deployment (aws/gcp/azure)', 'sql', 'java', 'big data: hadoop, spark']"
Lead Machine Learning Engineer,"['advanced ml/dl: deep learning, reinforcement learning, nlp, computer vision, transfer learning', 'frameworks: tensorflow, pytorch, keras, scikit-learn (advanced), onnx', 'scala', 'mlops: ci/cd, monitoring, cloud deployment (aws/gcp/azure)', 'python', 'r', 'feature engineering, etl pipelines', 'sql', 'java', 'big data: hadoop, spark']"
Lead Machine Learning Scientist,"['java/scala', 'feature engineering', 'spark', 'aws', 'reinforcement learning', 'deep learning', 'python', 'r', 'etl automation', 'tableau', 'powerbi', 'ensemble methods', 'sql', 'nlp', 'hadoop', 'azure']"
Lead Network Engineer,"['mpls', 'palo alto firewalls', 'team leadership', 'f5 load balancer', 'cisco nexus']"
Lead System Engineer,"['cloud strategy', 'leadership', 'linux', 'windows server', 'enterprise architecture']"
Lead UX Designer,"['design thinking', 'invision', 'axure', 'wcag standards', 'information architecture', 'prototyping', 'figma']"
Lead iOS Engineer,"['core text', 'coregraphics', 'swift', 'ci/cd', 'jira', 'agile', 'objective-c']"
ML Engineer Intern,"['feature engineering', 'git/github', 'ml libraries: scikit-learn, tensorflow, pytorch', 'data visualization: matplotlib, seaborn', 'python', 'r', 'data preprocessing', 'java', 'statistics: probability, linear algebra', 'ml fundamentals: classification, regression, clustering, supervised/unsupervised learning']"
ML Engineer Trainee,"['feature engineering', 'git/github', 'ml libraries: scikit-learn, tensorflow, pytorch, keras', 'statistics and probability', 'python', 'r', 'visualization: matplotlib, seaborn', 'ml fundamentals: supervised/unsupervised learning, classification, regression, clustering', 'data preprocessing', 'java']"
Machine Learning Engineer - Experienced,"['ml/dl: supervised/unsupervised learning, deep learning, reinforcement learning, nlp, computer vision, transfer learning', 'frameworks: tensorflow, pytorch, keras, scikit-learn (advanced), onnx', 'python (advanced)', 'r', 'sql', 'feature engineering and etl automation', 'java', 'mlops: ci/cd pipelines, model monitoring, cloud deployment (aws/gcp/azure)', 'big data: hadoop, spark']"
Machine Learning Engineer - Fresher,"['feature engineering', 'git/github', 'data visualization: matplotlib, seaborn', 'python', 'r', 'ml frameworks: scikit-learn, tensorflow, pytorch, keras', 'ml fundamentals: supervised/unsupervised learning, regression, classification, clustering, decision trees', 'data preprocessing', 'java', 'statistics: probability, linear algebra']"
Machine Learning Scientist,"['java/scala', 'feature engineering', 'spark', 'aws', 'reinforcement learning', 'python', 'r', 'tableau', 'powerbi', 'classification', 'sql', 'etl pipelines', 'nlp', 'hadoop', 'azure', 'regression']"
Market Research Analyst,"['time management', 'advanced data analysis', 'communication', 'python basics', 'r', 'competitive analysis', 'data storytelling', 'data analysis basics', 'spss', 'presentation skills', 'advanced analytics', 'predictive analytics', 'attention to detail', 'regression analysis', 'python', 'regression', 'advanced statistical analysis', 'critical thinking', 'tableau', 'sql', 'survey design', 'basic statistical analysis', 'excel advanced functions', 'consumer behavior analysis', 'predictive modeling', 'power bi', 'business strategy', 'statistical analysis', 'forecasting', 'market segmentation', 'report writing', 'data visualization basics', 'sas', 'data collection', 'excel', 'competitive intelligence', 'qualitative research']"
Marketing Specialist,"['multi-channel campaigns', 'lead generation and multi-channel campaigns', 'google analytics', 'brand management', 'sem basics', 'budget planning and optimization', 'email marketing tools', 'budget management', 'email marketing basics', 'digital strategy development', 'lead generation campaigns', 'multi-channel campaign planning', 'content and social media marketing', 'canva and adobe creative suite', 'digital campaigns management', 'marketing automation', 'collaboration', 'email marketing automation', 'campaign coordination', 'social media platforms', 'event coordination', 'email marketing', 'team leadership and collaboration', 'team leadership', 'content creation and strategy', 'strategic marketing planning', 'ai-driven personalization', 'ppc campaigns', 'seo basics', 'data analytics and reporting', 'emerging marketing technologies (ai tools, personalization)', 'seo/sem/ppc management', 'emerging marketing technologies', 'budget allocation', 'video production basics', 'seo, sem, ppc', 'google analytics basics', 'lead nurturing', 'lead generation', 'analytics (google analytics, tableau)', 'advanced seo/sem', 'social media strategy', 'team communication', 'ppc ads', 'event management', 'content marketing and creation', 'marketing strategy and planning', 'social media basics', 'adobe creative suite basics', 'budget optimization', 'copywriting', 'team collaboration', 'digital marketing fundamentals', 'content marketing', 'analytics (ga, tableau)', 'marketing analytics and reporting', 'data analysis (google analytics, tableau)', 'ai-powered marketing personalization', 'creative design tools', 'seo/sem and ppc campaigns', 'email marketing and automation', 'analytics and reporting', 'leadership and team management', 'advanced digital marketing', 'blogging', 'marketing strategy', 'email campaigns', 'analytics and roi reporting', 'marketing automation tools (mailchimp, hubspot)', 'campaign optimization', 'seo/sem', 'advanced digital marketing strategies', 'canva and wordpress basics', 'social media management', 'analytics and roi optimization', 'marketing analytics', 'data-driven decision making', 'time management', 'multi-channel campaign management', 'market research', 'seo/sem/ppc', 'data analysis basics', 'multi-channel marketing campaigns', 'digital marketing strategy', 'seo/sem/ppc campaigns', 'ppc campaigns management', 'advanced marketing strategy', 'content creation and social media strategy', 'seo, sem, ppc expertise', 'digital marketing campaigns', 'seo/sem optimization', 'email automation', 'data-driven analytics', 'collaboration and communication', 'ai-driven marketing tools', 'team coordination', 'emerging technologies in marketing', 'budget and roi management', 'seo/sem/ppc optimization', 'campaign management', 'content creation', 'budget and roi analysis', 'ai-powered marketing tools', 'advanced seo/sem/ppc', 'ppc management', 'social media marketing']"
Multi-Cloud Architect,"['terraform', 'leadership', 'aws', 'kubernetes', 'microservices architecture', 'azure', 'gcp']"
Network Automation Engineer,"['bash', 'python', 'automation', 'ansible', 'cisco ios']"
Network Engineer,"['solarwinds', 'mpls', 'ospf', 'bgp', 'qos', 'cisco nexus']"
Network Intern,"['cisco ios', 'vpn basics', 'dhcp', 'subnetting']"
Network Operations Center (NOC) Engineer,"['solarwinds', 'tcp/ip', 'network monitoring', 'incident management', 'nagios']"
Network Security Engineer,"['firewalls', 'cisco asa', 'ids/ips', 'cryptography', 'vpn']"
Network Support Engineer,"['solarwinds', 'vpn setup', 'bgp (intro)', 'routing basics', 'firewall basics', 'ospf']"
Operations Manager,"['time management', 'budgeting', 'communication', 'workflow automation', 'kpi tracking', 'basic erp/crm knowledge', 'data reporting basics', 'problem solving', 'process automation', 'report preparation', 'basic workflow management', 'process optimization', 'budget management', 'erp systems', 'process observation', 'budget monitoring', 'kpi reporting', 'strategic planning', 'data analysis', 'process improvement', 'financial reporting', 'basic team coordination', 'budget oversight', 'process awareness', 'resource allocation', 'workflow awareness', 'cross-functional collaboration', 'workflow optimization', 'team management', 'collaboration', 'resource optimization', 'reporting', 'team coordination', 'kpi monitoring', 'erp/crm tools', 'staff development', 'erp/crm basics', 'resource planning', 'scheduling', 'six sigma', 'adaptability', 'cross-functional coordination', 'erp/crm systems', 'observation', 'lean management', 'team leadership', 'problem-solving', 'workflow observation']"
Principal Android Developer,"['unit testing', 'kotlin', 'dagger', 'room', 'jetpack', 'ci/cd', 'clean architecture', 'firebase', 'java', 'android studio', 'mvvm']"
Principal Android Engineer,"['unit testing', 'kotlin', 'performance optimization', 'dagger', 'room', 'jetpack', 'ci/cd', 'clean architecture', 'firebase', 'java', 'android studio', 'mvvm']"
Principal Data Scientist,"['predictive modeling', 'java/scala', 'feature engineering', 'spark', 'aws', 'reinforcement learning', 'deep learning', 'python', 'r', 'etl automation', 'tableau', 'powerbi', 'ensemble methods', 'sql', 'nlp', 'hadoop', 'gcp', 'machine learning']"
Principal Machine Learning Engineer,"['advanced ml/dl: deep learning, reinforcement learning, nlp, computer vision, transfer learning', 'frameworks: tensorflow, pytorch, keras, scikit-learn (advanced), onnx', 'scala', 'python', 'r', 'feature engineering, etl automation', 'sql', 'java', 'mlops: ci/cd pipelines, model monitoring, cloud deployment (aws/gcp/azure)', 'big data: hadoop, spark']"
Principal Network Engineer,"['project management', 'architecture design', 'palo alto', 'team leadership', 'cisco nexus']"
Principal Security Analyst,"['cloud security', 'leadership', 'compliance', 'advanced threat detection', 'risk management', 'siem tools']"
Principal UX Designer,"['invision', 'leadership', 'a/b testing', 'user research', 'interaction design', 'sketch', 'figma']"
Principal iOS Developer,"['swift', 'ci/cd', 'core animation', 'app performance optimization', 'objective-c', 'mvvm']"
Product Designer,"['leadership', 'teamwork', 'a/b testing', 'html', 'adobe illustrator', 'responsive design', 'figma', 'design thinking', 'adobe photoshop', 'design systems', 'user testing', 'agile', 'prototyping', 'sketch', 'accessibility', 'prototyping basics', 'usability testing', 'marvel', 'user research basics', 'agile methods', 'data-driven ux', 'information architecture basics', 'front-end collaboration', 'user flows', 'invision', 'stakeholder management', 'basic javascript', 'creativity', 'data analytics', 'javascript', 'typography', 'adobe creative suite', 'color theory', 'wireframing', 'adobe xd', 'css']"
Product Manager,"['advanced data analysis', 'teamwork', 'product vision and strategic planning', 'communication', 'customer-centric design awareness', 'a/b testing', 'stakeholder communication', 'data analysis and experimentation', 'market research', 'agile knowledge', 'cross-functional leadership', 'metrics-driven product growth', 'basic data analytics', 'scrum and kanban basics', 'product lifecycle basics', 'tools: jira, confluence', 'product lifecycle understanding', 'market research and competitor analysis', 'product vision and roadmap development', 'agile methodologies (scrum, kanban)', 'agile methodologies', 'data analytics fundamentals', 'tools: jira, figma, mixpanel, tableau', 'performance optimization', 'tools: jira, figma', 'product vision', 'strategic planning', 'product strategy basics', 'tools: jira, confluence, tableau, mixpanel', 'user research integration', 'product vision and roadmap planning', 'ux research and integration', 'tools: jira, confluence, figma basics', 'agile (scrum, kanban basics)', 'roadmap development', 'backlog grooming', 'ux research integration', 'agile methodology knowledge', 'roadmap execution', 'resource allocation', 'cross-functional collaboration', 'resource prioritization', 'data analysis (excel, sql basics)', 'data analysis (excel, google analytics)', 'tools: figma, jira, confluence', 'performance tracking', 'tools: jira, confluence, figma, mixpanel, tableau', 'metrics-driven growth optimization', 'tools: jira, confluence, tableau, figma', 'user experience research', 'agile leadership', 'agile facilitation', 'ux principles awareness', 'advanced analytics and a/b testing', 'tools: figma, mixpanel, tableau, ga', 'stakeholder engagement', 'adaptability', 'data analysis and metrics interpretation', 'ux awareness', 'stakeholder management', 'product vision and strategy', 'tools: confluence, figma', 'basic product management concepts', 'cross-functional team leadership', 'user research and ux integration', 'roadmap development and execution', 'sprint planning', 'data analysis and a/b testing', 'tools: jira, confluence, mixpanel, ga, tableau', 'metrics-driven growth', 'ux/ui awareness', 'problem-solving', 'market research fundamentals', 'data-driven decision making']"
Project Manager,"['communication', 'reporting and dashboard creation', 'end-to-end project management', 'strategic project management', 'basic budgeting', 'advanced scheduling and budgeting', 'stakeholder engagement and communication', 'stakeholder communication and engagement', 'familiarity with jira and trello', 'familiarity with ms project and trello', 'advanced project planning', 'reporting', 'strategic project alignment', 'use of project management tools (ms project, jira, trello)', 'team leadership', 'problem-solving and critical thinking', 'problem-solving', 'use of ms project, primavera, jira, trello', 'stakeholder communication', 'reporting and dashboards', 'advanced budgeting and resource allocation', 'task scheduling', 'communication skills', 'use of project management tools (ms project, primavera, jira, trello, asana)', 'stakeholder engagement and negotiation', 'project planning and execution', 'collaboration and teamwork', 'resource allocation', 'conflict resolution', 'critical thinking', 'budgeting and resource allocation', 'understanding of agile, scrum, waterfall', 'reporting and analytics', 'data-driven reporting', 'use of pm tools (ms project, jira, trello, asana)', 'advanced project planning and execution', 'stakeholder management', 'team collaboration', 'understanding of agile and scrum methodologies', 'budgeting basics', 'familiarity with project tools (ms project, trello)', 'familiarity with microsoft project, jira, trello', 'basic knowledge of project management methodologies (agile, scrum, waterfall)', 'basic budgeting and resource allocation', 'team management and conflict resolution', 'project scheduling and execution', 'advanced project scheduling and planning', 'basic project planning', 'strategic planning', 'stakeholder management and negotiation', 'teamwork and collaboration', 'risk management and mitigation', 'budget and resource management', 'risk and quality management', 'project strategy and execution', 'use of project management software (ms project, jira, trello, asana)', 'stakeholder engagement', 'advanced project management', 'task and milestone tracking', 'reporting basics', 'advanced scheduling, budgeting, and resource allocation', 'resource allocation basics', 'basic project planning and scheduling', 'strategic alignment', 'data-driven decision making', 'time management', 'basic knowledge of waterfall and agile', 'change management', 'data-driven reporting and dashboards', 'kpi tracking', 'team leadership and mentoring', 'risk assessment and mitigation', 'use of jira, ms project, primavera', 'team leadership and conflict resolution', 'kpi tracking and reporting basics', 'multitasking', 'use of project management tools (ms project, jira, trello, asana)', 'budgeting and resource management', 'use of ms project, primavera, jira', 'strategic alignment with business goals', 'communication and coordination', 'risk and quality oversight', 'advanced project planning and scheduling', 'cross-functional collaboration', 'project lifecycle management', 'scheduling and budgeting', 'stakeholder management and communication', 'project management methodology basics', 'reporting and documentation', 'adaptability', 'familiarity with jira, ms project, trello', 'communication and interpersonal skills']"
Python Developer,"['django basics', 'teamwork', 'css basics', 'python basics', 'communication', 'leadership', 'pytorch', 'kubernetes', 'git basics', 'django', 'python advanced', 'fastapi', 'pytest basics', 'rest apis', 'sqlalchemy', 'pandas basics', 'project management', 'aws', 'generators', 'tensorflow basics', 'docker', 'flask', 'graphql', 'exception handling', 'control flow', 'docker basics', 'mysql', 'innovation management', 'graphql basics', 'nosql basics', 'unittest basics', 'oop', 'matplotlib basics', 'postgresql', 'kubernetes basics', 'pytorch basics', 'fastapi basics', 'tensorflow', 'functions', 'decorators', 'javascript basics', 'flask advanced', 'metaprogramming', 'adaptability', 'mongodb basics', 'aws basics', 'innovation', 'nosql', 'team collaboration', 'flask basics', 'oop basics', 'sql basics', 'django advanced', 'numpy basics', 'html basics', 'problem-solving', 'scikit-learn', 'pytest advanced', 'data types', 'async programming']"
QA Engineer - Experienced,"['ci/cd integration: jenkins, gitlab ci/cd, bamboo', 'performance testing: jmeter', 'programming: java, python, c#, javascript', 'performance & security testing: loadrunner', 'test documentation & reporting', 'bug tracking & documentation: jira, bugzilla, testrail', 'api testing: postman, soapui', 'bug tracking & documentation: jira, testrail, alm', 'performance & security testing: jmeter, loadrunner', 'automation: selenium, appium, cucumber, testng', 'bug tracking: jira, bugzilla', 'bug tracking & documentation: jira, testrail', 'performance testing: load, stress testing', 'api & mobile testing: postman, soapui, appium', 'ci/cd: jenkins, gitlab ci/cd, bamboo', 'test automation: selenium, appium, cucumber, junit, testng', 'ci/cd: jenkins, gitlab ci/cd', 'api testing: postman, soapui, appium', 'performance & security testing: load, stress, security testing', 'test automation: selenium, appium, cucumber, testng', 'performance & security testing: load, stress, vulnerability testing', 'bug & test management: jira, bugzilla, quality center', 'automation: selenium, appium, cucumber, junit, testng']"
QA Engineer - Fresher,"['basic automation: selenium, appium, cucumber', 'java', 'soapui', 'soapui basics', 'python', 'postman basics', 'automation awareness: selenium, appium, cucumber', 'test documentation', 'basic automation: selenium webdriver, appium, cucumber', 'appium basics', 'cucumber awareness', 'manual testing', 'testrail', 'automation: selenium, appium, cucumber basic knowledge', 'selenium basics', 'javascript basics', 'automation tools awareness: selenium, appium, cucumber', 'manual testing: functional, regression, black-box', 'bugzilla', 'jira', 'javascript', 'postman']"
Robotics Engineer,"['teamwork', 'communication', 'pid fundamentals', 'sensors basics (lidar, ultrasonic, infrared)', 'ros development', 'gazebo, rviz simulation', 'advanced robotics control algorithms', 'cad/solidworks advanced', 'solidworks', 'machine learning applications', 'motor control basics', 'advanced python', 'linear algebra', 'computer vision', 'embedded systems expert', 'c++ expert', 'solidworks advanced', 'project leadership', 'matlab basics', 'team leadership', 'machine learning', 'advanced control theory', 'leadership', 'advanced robotics control', 'ml in robotics', 'lidar and infrared sensors basics', 'problem solving', 'embedded systems basics', 'pid controller fundamentals', 'pid control basics', 'solidworks basics', 'hardware debugging', 'arduino basics', 'robotics control algorithms', 'project strategy', 'embedded systems', 'c++ advanced', 'dynamics', 'autocad basics', 'autocad', 'innovation', 'team collaboration', 'servo motors basics', 'advanced c++', 'simulation tools (gazebo, rviz)', 'simulation (gazebo, rviz)', 'embedded systems design', 'ros basics', 'robotics control theory', 'simulation tools', 'lidar and vision sensors', 'lidar and ultrasonic sensors basics', 'cross-team collaboration', 'arduino/raspberry pi advanced', 'sensor integration and fusion', 'matlab', 'machine learning basics for robotics', 'sensor integration basics', 'innovation management', 'motor control', 'advanced cad/solidworks', 'python expert', 'control algorithms', 'team management', 'control theory', 'sensor fusion', 'c++ basics', 'hardware interfacing', 'ros advanced development', 'embedded systems advanced', 'python basics', 'innovation in robotics', 'machine learning in robotics', 'pid controllers', 'python advanced', 'gazebo, rviz', 'project management', 'cross-functional collaboration', 'cad/solidworks', 'advanced cad', 'control systems advanced', 'adaptability', 'raspberry pi basics', 'ros advanced', 'control algorithms advanced', 'team mentoring', 'kinematics', 'innovation strategy']"
SEO Specialist,"['advanced content optimization', 'ai and machine learning in seo', 'google search console', 'html, css, javascript basics', 'technical seo', 'privacy-compliant seo', 'off-page seo', 'crawlability and indexing optimization', 'voice search optimization', 'analytics (ga4, looker studio, search console)', 'keyword research', 'content optimization basics', 'link building strategy', 'technical seo audits', 'site speed optimization', 'off-page seo basics', 'analytics (ga4, search console, looker studio)', 'multimodal search optimization', 'on-page optimization', 'analytics (ga4, looker studio)', 'schema markup implementation', 'visual search optimization', 'mobile seo optimization', 'on-page seo', 'ai-powered seo analytics', 'mobile seo', 'advanced content strategy', 'crawlability, indexing, and site structure optimization', 'seo strategy and execution', 'stakeholder communication', 'content optimization', 'social media seo basics', 'schema markup', 'google analytics ga4', 'basic link building', 'link building', 'google analytics basics', 'technical seo basics', 'analytics and reporting (ga4, looker studio)', 'content strategy and seo copywriting', 'site architecture optimization', 'schema markup basics', 'looker studio', 'on-page and off-page optimization', 'seo strategy development', 'content strategy', 'content marketing', 'basic html/css', 'analytics and reporting', 'schema markup and structured data', 'seo strategy and planning', 'privacy-compliant seo (gdpr)', 'seo strategy', 'local seo strategy', 'privacy compliance (gdpr)', 'page speed optimization', 'voice and visual search optimization', 'off-page optimization', 'link building basics', 'link building campaigns', 'seo strategy and roadmap', 'crawlability checks', 'local seo', 'advanced technical seo', 'page speed and mobile optimization', 'content marketing optimization', 'advanced on-page and off-page seo', 'html/css basics', 'search console basics', 'analytics and reporting (ga4, looker studio, search console)', 'privacy-compliant seo strategies', 'schema markup and structured data implementation', 'advanced seo strategy', 'link building and outreach', 'site indexing basics', 'search console', 'local seo optimization', 'ai-powered seo tools', 'content strategy and optimization', 'ai-driven seo tools', 'local and mobile seo optimization', 'seo copywriting', 'on-page seo basics', 'ai-driven seo insights', 'page speed and performance optimization', 'local seo basics', 'local & mobile seo', 'local seo and voice search optimization', 'mobile seo basics', 'link building and backlink analysis']"
SOC Analyst,"['qradar', 'splunk', 'network defense', 'python scripting', 'incident response', 'siem tools']"
Sales Executive,"['time management', 'communication', 'digital sales fundamentals', 'active listening', 'predictive analytics', 'customer engagement', 'pipeline management', 'relationship building', 'sales forecasting', 'salesforce', 'sales automation awareness', 'lead generation', 'closing techniques', 'digital sales awareness', 'crm basics', 'closing deals', 'hubspot', 'sales automation', 'social selling', 'negotiation', 'adaptability', 'product knowledge', 'data-driven sales', 'relationship management', 'product demos', 'product demonstrations']"
Senior Android Developer,"['unit testing', 'kotlin', 'dagger', 'room', 'rest apis', 'clean architecture', 'ci/cd', 'firebase', 'java', 'android studio', 'mvvm']"
Senior Android Engineer,"['unit testing', 'kotlin', 'dagger', 'room', 'jetpack', 'ci/cd', 'clean architecture', 'firebase', 'java', 'android studio', 'mvvm']"
Senior Cloud Architect,"['leadership', 'aws multi-cloud', 'ansible', 'devops automation', 'cloudformation', 'kubernetes orchestration', 'azure networking']"
Senior Data Scientist,"['java/scala', 'feature engineering', 'spark', 'git', 'deep learning', 'python', 'r', 'tableau', 'powerbi', 'time-series modeling', 'ensemble methods', 'sql', 'aws emr', 'etl pipelines', 'nlp', 'hadoop', 'jupyter']"
Senior Incident Response Analyst,"['threat hunting', 'malware analysis', 'qradar', 'splunk', 'forensics', 'incident response']"
Senior Interaction Designer,"['micro-interactions', 'after effects', 'prototyping', 'principle', 'figma']"
Senior ML Infrastructure Engineer,"['scala', 'frameworks: tensorflow, pytorch, keras, scikit-learn (advanced)', 'python', 'r', 'feature engineering, etl automation', 'ml/dl: deep learning, reinforcement learning, nlp, computer vision, transfer learning', 'sql', 'big data: spark, hadoop', 'java', 'mlops: ci/cd, model monitoring, cloud deployment (aws/gcp/azure)']"
Senior Machine Learning Engineer,"['feature engineering', 'spark', 'python (advanced)', 'r', 'ensemble methods', 'nlp', 'gcp', 'java', 'advanced ml/dl: deep learning, nlp, reinforcement learning, computer vision, transfer learning', 'java/scala', 'aws', 'scala', 'frameworks: tensorflow, pytorch, keras, scikit-learn (advanced)', 'python', 'mlops: ci/cd pipelines, model monitoring, cloud deployment (aws/gcp/azure)', 'regression', 'tableau', 'classification', 'sql', 'big data: spark, hadoop', 'reinforcement learning', 'etl automation', 'powerbi', 'feature engineering, etl automation', 'hadoop']"
Senior Network Engineer,"['palo alto', 'cisco asa', 'nagios', 'sd-wan', 'zero trust security']"
Senior Security Analyst,"['cloud security', 'vulnerability management', 'compliance (gdpr, pci-dss)', 'powershell', 'logrhythm']"
Senior System Engineer,"['docker', 'windows server', 'grafana', 'powershell', 'active directory']"
Senior UX Designer,"['a/b testing', 'design systems', 'axure', 'user research', 'journey mapping', 'adobe xd', 'accessibility standards', 'sketch', 'principle', 'figma']"
Senior iOS Developer,"['core data', 'swift', 'graphql', 'ci/cd', 'objective-c', 'mvvm', 'github actions']"
Senior iOS Engineer,"['jenkins', 'core data', 'swift', 'graphql', 'crashlytics', 'core animation', 'xcode', 'objective-c']"
Site Reliability Engineer,"['networking basics (tcp/ip, dns)', 'shell scripting', 'communication', 'aws, azure, gcp expert', 'windows fundamentals', 'containerization basics (docker)', 'aws, azure, gcp advanced', 'linux administration basics', 'basic ci/cd', 'networking fundamentals', 'security and compliance basics', 'python, go, java', 'ci/cd pipelines (jenkins, github actions)', 'python, go', 'automation and scripting', 'iac (terraform, ansible)', 'kubernetes basics', 'collaboration', 'ci/cd pipelines', 'introduction to cloud platforms', 'intro to monitoring (prometheus/grafana)', 'windows administration', 'linux os basics', 'linux administration fundamentals', 'problem-solving', 'leadership', 'tcp/ip networking', 'tcp/ip networking basics', 'basic monitoring (nagios, grafana)', 'distributed systems architecture', 'ci/cd pipelines (jenkins, github actions, bamboo)', 'linux/windows administration', 'ci/cd pipelines expert', 'distributed systems management', 'windows os fundamentals', 'linux fundamentals', 'infrastructure as code (terraform, ansible, puppet, chef)', 'cloud (aws, azure, gcp)', 'cloud platforms (aws, azure, gcp)', 'monitoring basics (prometheus/grafana/nagios)', 'automation scripting', 'basic ci/cd concepts', 'ci/cd fundamentals', 'networking (tcp/ip, dns, cdn, load balancing)', 'monitoring & logging tools', 'basic automation scripts', 'networking (tcp/ip, dns, load balancing)', 'monitoring and logging tools (prometheus, grafana, elk stack)', 'cloud fundamentals (aws/azure/gcp)', 'monitoring basics (nagios, grafana)', 'networking (tcp/ip, dns, load balancing, cdn)', 'windows os basics', 'windows server administration', 'ci/cd pipelines (jenkins, bamboo, github actions)', 'docker, kubernetes advanced', 'monitoring tools intro (prometheus, grafana)', 'java scripting', 'monitoring & logging (prometheus, grafana, elk, nagios, splunk)', 'go programming', 'monitoring & logging', 'security and compliance knowledge', 'bash scripting basics', 'bash scripting expert', 'aws, azure, gcp', 'security and compliance', 'bash/shell scripting', 'docker, kubernetes expert', 'monitoring & logging expert (prometheus, grafana, elk, nagios, splunk)', 'monitoring & logging (prometheus, grafana, elk)', 'shell scripting (bash/zsh)', 'kubernetes introduction', 'monitoring and logging (prometheus, grafana, elk stack, nagios, splunk)', 'docker, kubernetes', 'distributed systems design and management', 'distributed systems design', 'linux administration', 'cloud platform basics (aws/azure/gcp)', 'infrastructure as code (terraform, ansible, puppet)', 'linux/windows expert', 'bash/zsh scripting', 'linux basics', 'automation', 'docker introduction', 'time management', 'distributed systems', 'python basics', 'cloud platforms expert (aws, azure, gcp)', 'bash scripting', 'analytical thinking', 'iac (terraform, ansible, puppet)', 'python advanced', 'linux expert', 'linux/windows', 'security compliance', 'windows server', 'docker basics', 'cloud expert (aws, azure, gcp)', 'cloud fundamentals (aws, gcp, azure)', 'ci/cd pipelines expert (jenkins, bamboo, github actions)', 'infrastructure as code (terraform, ansible)', 'cloud platforms basics (aws/azure/gcp)', 'linux administration expert', 'go, java', 'monitoring (prometheus, grafana, elk, nagios, splunk)', 'docker fundamentals', 'monitoring (prometheus, grafana, elk stack, nagios, splunk)', 'adaptability', 'cloud platforms expert', 'ci/cd (jenkins, bamboo, github actions)', 'networking', 'iac (terraform, ansible, puppet, chef)', 'linux/windows administration expert']"
Software Developer - Entry Level,"['teamwork', 'git', 'communication', 'html', 'c++', 'azure basics', 'analytical thinking', 'xcode', 'java', 'android studio', 'react', 'python', 'angular', 'css', 'kotlin', 'collaboration', 'swift', 'sql', 'aws basics', 'nosql', 'javascript', 'ml libraries (scikit-learn, pandas)', 'problem-solving']"
Software Developer - Experienced,"['git', 'kubernetes', 'c++', 'csharp', 'ci/cd', 'django', 'azure', 'java', 'react', 'vue.js', 'aws', 'docker', 'python', 'angular', 'agile', 'agile/scrum', 'sql', 'spring boot', 'nosql', 'microservices', 'node.js', 'javascript/typescript', 'team leadership']"
Software Engineer - Entry Level,"['git', 'html', 'c++', 'django', 'responsive design', 'azure', 'java', 'intellij', 'rest apis', 'react', 'figma', 'vue.js', 'docker', 'python', 'angular', 'mysql', 'algorithms', 'sql', 'vs code', 'apis', 'data structures', 'iot basics', 'mongodb', 'pycharm', 'game development', 'visual studio', 'github', 'rust', 'trello', 'javascript', 'jira', 'unity', 'jupyter notebook', 'node.js', 'machine learning basics', 'css', 'postman', 'cybersecurity basics']"
Software Engineer - Experienced,"['unit testing', 'git', 'kubernetes', 'typescript', 'html', 'ci/cd', 'django', 'java', 'mentoring', 'rest apis', 'react', 'aws', 'docker', 'python', 'angular', 'redux', 'agile', 'postgresql', 'sql', 'express', 'mongodb', 'spring boot', 'testing', 'microservices', 'javascript', 'debugging', 'node.js', 'team leadership', 'css', 'machine learning']"
Software Tester (SDET),"['teamwork', 'automation strategy', 'python basics', 'communication', 'ci/cd integration (jenkins, bamboo)', 'jenkins basics', 'functional testing', 'code review', 'selenium webdriver basics', 'python advanced', 'cross-team collaboration', 'attention to detail', 'regression testing', 'appium', 'testng', 'mentoring', 'selenium webdriver', 'ci/cd integration', 'postman basics', 'defect management metrics', 'cypress', 'functional and regression testing', 'c# basics', 'agile understanding', 'test data management', 'api testing advanced', 'cypress basics', 'agile/scrum knowledge', 'jmeter basics', 'advanced python', 'selenium basics', 'advanced java', 'ci/cd (jenkins, bamboo, azure devops)', 'test automation', 'agile leadership', 'performance testing', 'jmeter', 'java basics', 'api testing', 'metrics-driven qa', 'test automation strategy', 'team mentoring', 'team collaboration', 'agile/scrum understanding', 'c# advanced', 'performance and load testing', 'defect metrics', 'strategic qa planning', 'ci/cd integration (jenkins, azure devops)', 'api testing basics', 'problem-solving', 'postman', 'basic jenkins']"
Solutions Architect,"['terraform', 'leadership', 'teamwork', 'basic ci/cd and devops exposure', 'python basics', 'communication', 'azure basics', 'kubernetes', 'ci/cd', 'gcp basics', 'ci/cd basics', 'azure', 'gcp', 'java', 'introductory node.js knowledge', 'project management', 'aws', 'basic security and compliance awareness', 'docker', 'ci/cd introduction', 'python', 'node.js basics', 'docker/kubernetes basics', 'security compliance', 'basic ci/cd', 'gcp fundamentals', 'basic security awareness', 'java fundamentals', 'python fundamentals', 'introductory security awareness', 'aws fundamentals', 'introductory microservices knowledge', 'security protocols', 'ci/cd pipelines', 'collaboration', 'javascript fundamentals', 'kubernetes fundamentals', 'ci/cd fundamentals', 'docker fundamentals', 'java basics', 'stakeholder engagement', 'aws basics', 'azure fundamentals', 'basic container orchestration knowledge', 'introductory docker/kubernetes knowledge', 'stakeholder management', 'project leadership', 'basic architecture design', 'microservices', 'team collaboration', 'node.js', 'google cloud fundamentals', 'docker/kubernetes fundamentals', 'cloudformation', 'problem-solving', 'basic microservices understanding']"
Staff UX Designer,"['invision', 'a/b testing', 'design systems', 'user research', 'figma']"
System Engineer,"['terraform', 'aws', 'kubernetes', 'python', 'system architecture', 'linux', 'windows server', 'vmware', 'security compliance', 'linux administration', 'python scripting', 'powershell', 'nagios', 'networking basics', 'active directory']"
System Engineer - Automation Specialist,"['bash', 'python', 'linux', 'vmware', 'ansible']"
System Engineer - Cloud & Automation,"['aws', 'docker', 'python', 'ansible', 'azure']"
System Engineer - Cloud Focus,"['terraform', 'aws', 'linux', 'azure', 'nagios']"
System Engineer - DevOps Integration,"['kubernetes', 'docker', 'linux', 'ci/cd', 'ansible']"
System Engineer - Entry Level,"['python basics', 'monitoring tools', 'virtualbox', 'windows server', 'networking fundamentals']"
System Engineer - Monitoring,"['linux', 'windows server', 'grafana', 'automation scripts', 'nagios']"
System Engineer - Security,"['compliance', 'firewalls', 'aws iam', 'linux security', 'powershell']"
System Engineer - Virtualization,"['docker', 'linux', 'vmware', 'networking', 'hyper-v']"
System Engineer Intern,"['scripting fundamentals', 'monitoring tools', 'linux basics', 'cloud basics', 'networking']"
System Engineer Trainee,"['azure fundamentals', 'python basics', 'monitoring tools', 'windows server', 'networking']"
Technical Writer,"['basic html/css', 'time management', 'ai-assisted documentation', 'agile documentation', 'markdown', 'advanced technical writing', 'api documentation', 'cms basics', 'ai writing tools', 'html/css/xml', 'attention to detail', 'ux documentation', 'technical documentation', 'xml/html/css', 'editing', 'structured authoring', 'research skills', 'madcap flare', 'collaboration', 'proofreading', 'version control', 'clear writing', 'adaptability', 'advanced editing', 'grammar and style', 'interviewing smes', 'basic html', 'cms', 'technical accuracy', 'technical writing', 'adobe framemaker']"
Telecom & Network Engineer,"['voip', 'sip', 'bgp', 'qos', 'cisco routers']"
Test Automation Engineer - Experienced,"['testrail', 'selenium', 'loadrunner', 'jenkins', 'python', 'csharp', 'docker', 'restassured', 'gitlab', 'jira', 'cucumber', 'alm', 'java', 'jmeter', 'appium', 'gitlab ci/cd', 'postman', 'testng']"
Test Automation Engineer - Fresher,"['python basics', 'functional testing', 'testng basics', 'java', 'regression testing', 'appium', 'testng', 'selenium webdriver', 'python', 'postman basics', 'cypress', 'test documentation', 'test case writing', 'manual testing concepts', 'black-box testing', 'cypress basics', 'appium basics', 'selenium basics', 'javascript basics', 'java basics', 'bugzilla', 'selenium', 'jira']"
Trainee Android App Developer,"['ui/ux basics', 'xml', 'sqlite', 'kotlin', 'git', 'java', 'rest api', 'android studio']"
Trainee Network Engineer,"['tcp/ip', 'firewalls basics', 'lan/wan', 'ids/ips intro', 'nagios basics']"
Trainee Security Analyst,"['python', 'linux commands', 'network security basics', 'nessus', 'gdpr basics']"
Trainee UX Designer,"['invision', 'css basics', 'html basics', 'wireframing', 'adobe xd', 'prototyping', 'figma']"
Trainee iOS Developer,"['simulator', 'swift', 'cocoa touch', 'xcode', 'rest apis', 'json handling']"
UI Designer,"['branding', 'leadership', 'a/b testing', 'html', 'micro-interactions', 'illustrator', 'responsive design', 'js', 'team leadership', 'principle', 'figma', 'design systems', 'ui/ux design basics', 'prototyping', 'sketch', 'ui basics', 'accessibility', 'after effects', 'usability testing', 'animation', 'usability basics', 'photoshop', 'interaction design', 'branding basics', 'invision', 'user flows', 'ui/ux collaboration', 'typography', 'color theory', 'wireframing', 'adobe xd', 'css', 'responsive layouts']"
UX Apprentice,"['adobe xd', 'prototyping', 'sketch', 'information architecture basics', 'figma']"
UX Architect,"['design systems', 'agile ux', 'wcag', 'information architecture', 'prototyping', 'figma']"
UX Consultant,"['design thinking', 'user research', 'agile ux', 'sketch', 'figma']"
UX Design Intern,"['wireframes', 'adobe xd', 'prototyping', 'sketch', 'figma']"
UX Design Lead,"['leadership', 'design systems', 'figma', 'agile ux', 'interaction design', 'accessibility']"
UX Designer,"['css basics', 'user research', 'html basics', 'typography', 'color theory', 'wireframing', 'adobe xd', 'prototyping', 'sketch', 'figma']"
UX Intern,"['usability testing', 'typography', 'color theory', 'adobe xd', 'sketch', 'figma']"
UX Manager,"['design thinking', 'user research', 'figma', 'journey mapping', 'team leadership', 'accessibility']"
UX Strategist,"['analytics', 'design systems', 'ux research', 'journey mapping', 'figma']"
UX Trainee Designer,"['user flows', 'typography', 'adobe xd', 'prototyping', 'figma']"
Vibe Coder,"['project management agile', 'teamwork', 'css basics', 'python basics', 'communication', 'task planning with jira/trello', 'ai-assisted code evaluation', 'code evaluation and debugging', 'project management basics', 'react/vue frameworks expert', 'agile project management', 'python advanced', 'creative problem solving', 'code evaluation', 'code evaluation and debugging advanced', 'mentoring', 'agile oversight', 'ai coding assistant mastery', 'prompt engineering fundamentals', 'strategic planning', 'prompt engineering basics', 'agile workflow management', 'ruby basics', 'prompt engineering expert', 'innovation management', 'ai coding assistant usage (chatgpt, copilot)', 'agile', 'javascript expert', 'prompt creation', 'ai coding assistants', 'python expert', 'cross-functional collaboration', 'critical thinking', 'team management', 'react/vue expert', 'collaboration', 'vue frameworks', 'prompt optimization', 'html/css basics', 'javascript basics', 'react frameworks', 'ruby advanced', 'agile workflow oversight', 'code review basics', 'javascript advanced', 'ai coding assistant usage', 'adaptability', 'prompt engineering', 'debugging ai outputs', 'vue basics', 'creativity', 'project leadership', 'prompt crafting basics', 'react basics', 'ai coding assistant proficiency', 'debugging ai-generated code', 'team collaboration', 'debugging', 'react/vue frameworks advanced', 'html basics', 'problem-solving', 'prompt engineering advanced', 'react/vue frameworks']"
Web Developer,"['git', 'python basics', 'typescript', 'kubernetes', 'ci/cd', 'django', 'redis', 'mysql basics', 'responsive design', 'html5', 'rest apis', 'react', 'php basics', 'vue.js', 'ui/ux fundamentals', 'aws', 'docker', 'node.js basics', 'vue.js basics', 'graphql', 'angular', 'express.js', 'json', 'testing with jest', 'angular basics', 'sql', 'restful apis', 'css3', 'mongodb', 'mongodb basics', 'ajax', 'react basics', 'javascript', 'node.js', 'github basics', 'testing with jest/enzyme', 'testing frameworks']"
iOS App Developer Intern,"['git', 'uikit', 'swift', 'cocoa touch', 'mvc', 'xcode', 'basic debugging']"
iOS Application Developer,"['jenkins', 'core data', 'swift', 'core animation', 'xcode', 'firebase', 'objective-c']"
iOS Architect,"['mvp', 'swift', 'ci/cd', 'jira', 'core animation', 'objective-c', 'mvvm']"
iOS Developer,"['app store submission', 'git', 'swift', 'rest apis', 'cocoa touch', 'xcode', 'objective-c', 'mvvm']"
iOS Developer Trainee,"['simulator', 'uikit', 'swift', 'cocoa touch', 'xcode']"
iOS Junior Developer,"['simulator', 'swift', 'cocoa touch', 'mvc', 'xcode']"
iOS Mobile App Engineer,"['unit testing', 'kotlin', 'crashlytics', 'swift', 'firebase', 'objective-c', 'mvvm']"
iOS Mobile Developer,"['git', 'simulator', 'uikit', 'swift', 'ui/ux design', 'cocoa touch', 'json', 'xcode', 'objective-c', 'rest apis']"
iOS Solutions Engineer,"['core data', 'swift', 'graphql', 'xcode instruments', 'performance tuning', 'objective-c']"
iOS Tech Lead,"['agile/scrum', 'core data', 'swift', 'ci/cd', 'objective-c', 'rest apis']"
